Date,Close,Dividends
2016-09-23,10.0,0.0
2016-09-26,10.0,0.0
2016-09-29,10.0,0.0
2016-09-30,10.0,0.0
2016-10-03,10.0,0.0
2016-10-04,10.020000457763672,0.0
2016-10-05,9.979999542236328,0.0
2016-10-06,10.010000228881836,0.0
2016-10-07,10.0,0.0
2016-10-11,9.859999656677246,0.0
2016-10-12,10.039999961853027,0.0
2016-10-13,9.880000114440918,0.0
2016-10-14,9.829999923706056,0.0
2016-10-17,9.81999969482422,0.0
2016-10-18,9.899999618530272,0.0
2016-10-19,10.0,0.0
2016-10-20,10.09000015258789,0.0
2016-10-21,10.0600004196167,0.0
2016-10-24,10.130000114440918,0.0
2016-10-25,10.300000190734863,0.0
2016-10-26,10.18000030517578,0.0
2016-10-27,10.06999969482422,0.0
2016-10-28,10.050000190734863,0.0
2016-10-31,10.09000015258789,0.0
2016-11-01,10.06999969482422,0.0
2016-11-02,9.770000457763672,0.0
2016-11-03,9.649999618530272,0.0
2016-11-04,9.600000381469728,0.0
2016-11-07,9.880000114440918,0.0
2016-11-08,9.93000030517578,0.0
2016-11-09,9.300000190734863,0.0
2016-11-10,9.850000381469728,0.0
2016-11-11,9.359999656677246,0.0
2016-11-14,9.350000381469728,0.0
2016-11-15,9.31999969482422,0.0
2016-11-16,9.420000076293944,0.0
2016-11-17,9.399999618530272,0.0
2016-11-18,9.479999542236328,0.0
2016-11-21,9.539999961853027,0.0
2016-11-22,9.8100004196167,0.0
2016-11-23,9.869999885559082,0.0
2016-11-24,9.8100004196167,0.0
2016-11-25,9.84000015258789,0.0
2016-11-28,9.970000267028809,0.0
2016-11-29,9.9399995803833,0.0
2016-11-30,9.9399995803833,0.0
2016-12-01,10.050000190734863,0.0
2016-12-02,9.829999923706056,0.0
2016-12-05,9.81999969482422,0.0
2016-12-06,10.050000190734863,0.0
2016-12-07,10.039999961853027,0.0
2016-12-08,10.260000228881836,0.0
2016-12-09,10.34000015258789,0.0
2016-12-12,10.25,0.0
2016-12-13,10.3100004196167,0.0
2016-12-14,10.279999732971191,0.0
2016-12-15,10.289999961853027,0.0
2016-12-16,10.18000030517578,0.0
2016-12-19,10.029999732971191,0.0
2016-12-20,10.0,0.0
2016-12-21,9.970000267028809,0.0
2016-12-22,9.770000457763672,0.0
2016-12-23,9.720000267028809,0.0
2016-12-26,9.739999771118164,0.0
2016-12-27,9.739999771118164,0.0
2016-12-28,9.9399995803833,0.0
2016-12-29,9.880000114440918,0.0
2016-12-30,10.039999961853027,0.0
2017-01-03,10.050000190734863,0.0
2017-01-04,10.079999923706056,0.0
2017-01-05,10.229999542236328,0.0
2017-01-06,10.260000228881836,0.0
2017-01-09,10.199999809265137,0.0
2017-01-10,10.199999809265137,0.0
2017-01-11,10.199999809265137,0.0
2017-01-12,10.380000114440918,0.0
2017-01-13,10.270000457763672,0.0
2017-01-16,10.079999923706056,0.0
2017-01-17,10.210000038146973,0.0
2017-01-18,10.170000076293944,0.0
2017-01-19,10.140000343322754,0.0
2017-01-20,10.210000038146973,0.0
2017-01-23,10.380000114440918,0.0
2017-01-24,10.470000267028809,0.0
2017-02-02,10.359999656677246,0.0
2017-02-03,10.420000076293944,0.0
2017-02-06,10.59000015258789,0.0
2017-02-07,10.630000114440918,0.0
2017-02-08,10.619999885559082,0.0
2017-02-09,10.75,0.0
2017-02-10,10.920000076293944,0.0
2017-02-13,11.010000228881836,0.0
2017-02-14,11.039999961853027,0.0
2017-02-15,11.260000228881836,0.0
2017-02-16,11.18000030517578,0.0
2017-02-17,11.18000030517578,0.0
2017-02-18,11.25,0.0
2017-02-20,11.119999885559082,0.0
2017-02-21,11.170000076293944,0.0
2017-02-22,11.199999809265137,0.0
2017-02-23,11.1899995803833,0.0
2017-02-24,11.1899995803833,0.0
2017-03-01,10.989999771118164,0.0
2017-03-02,10.979999542236328,0.0
2017-03-03,10.880000114440918,0.0
2017-03-06,10.979999542236328,0.0
2017-03-07,11.09000015258789,0.0
2017-03-08,11.140000343322754,0.0
2017-03-09,10.90999984741211,0.0
2017-03-10,10.880000114440918,0.0
2017-03-13,11.0,0.0
2017-03-14,11.149999618530272,0.0
2017-03-15,11.109999656677246,0.0
2017-03-16,11.359999656677246,0.0
2017-03-17,11.460000038146973,0.0
2017-03-20,11.489999771118164,0.0
2017-03-21,11.65999984741211,0.0
2017-03-22,11.470000267028809,0.0
2017-03-23,11.529999732971191,0.0
2017-03-24,11.479999542236328,0.0
2017-03-27,11.420000076293944,0.0
2017-03-28,11.40999984741211,0.0
2017-03-29,11.390000343322754,0.0
2017-03-30,11.380000114440918,0.0
2017-03-31,11.3100004196167,0.0
2017-04-05,11.56999969482422,0.0
2017-04-06,11.460000038146973,0.0
2017-04-07,11.390000343322754,0.0
2017-04-10,11.40999984741211,0.0
2017-04-11,11.300000190734863,0.0
2017-04-12,11.279999732971191,0.0
2017-04-13,11.369999885559082,0.0
2017-04-14,11.0600004196167,0.0
2017-04-17,11.079999923706056,0.0
2017-04-18,11.100000381469728,0.0
2017-04-19,10.880000114440918,0.0
2017-04-20,10.850000381469728,0.0
2017-04-21,11.050000190734863,0.0
2017-04-24,11.050000190734863,0.0
2017-04-25,11.289999961853027,0.0
2017-04-26,11.369999885559082,0.0
2017-04-27,11.359999656677246,0.0
2017-04-28,11.40999984741211,0.0
2017-05-02,11.5600004196167,0.0
2017-05-03,11.59000015258789,0.0
2017-05-04,11.609999656677246,0.0
2017-05-05,11.470000267028809,0.0
2017-05-08,11.520000457763672,0.0
2017-05-09,11.520000457763672,0.0
2017-05-10,11.619999885559082,0.0
2017-05-11,11.699999809265137,0.0
2017-05-12,11.670000076293944,0.0
2017-05-15,11.800000190734863,0.0
2017-05-16,11.770000457763672,0.0
2017-05-17,11.720000267028809,0.0
2017-05-18,11.649999618530272,0.0
2017-05-19,11.630000114440918,0.0
2017-05-22,11.6899995803833,0.0
2017-05-23,11.760000228881836,0.0
2017-05-24,11.800000190734863,0.0
2017-05-25,12.0,0.0
2017-05-26,11.960000038146973,0.0
2017-05-31,11.8100004196167,0.0
2017-06-01,11.90999984741211,0.0
2017-06-02,12.039999961853027,0.0
2017-06-03,12.149999618530272,0.0
2017-06-05,12.220000267028809,0.0
2017-06-06,12.1899995803833,0.0
2017-06-07,12.210000038146973,0.0
2017-06-08,12.239999771118164,0.0
2017-06-09,12.199999809265137,0.0
2017-06-12,12.029999732971191,0.0
2017-06-13,12.050000190734863,0.0
2017-06-14,11.859999656677246,0.0
2017-06-15,11.90999984741211,0.0
2017-06-16,12.100000381469728,0.0
2017-06-19,12.329999923706056,0.0
2017-06-20,12.520000457763672,0.0
2017-06-21,12.539999961853027,0.0
2017-06-22,12.65999984741211,0.0
2017-06-23,12.609999656677246,0.0
2017-06-26,13.039999961853027,0.0
2017-06-27,13.029999732971191,0.0
2017-06-28,12.770000457763672,0.0
2017-06-29,12.8100004196167,0.0
2017-06-30,12.739999771118164,0.0
2017-07-03,12.800000190734863,0.0
2017-07-04,12.619999885559082,0.0
2017-07-05,12.84000015258789,0.0
2017-07-06,12.75,0.0
2017-07-07,12.609999656677246,0.0
2017-07-10,12.600000381469728,0.0
2017-07-11,12.970000267028809,0.0
2017-07-12,12.960000038146973,0.0
2017-07-13,13.15999984741211,0.0
2017-07-14,13.109999656677246,0.0
2017-07-17,13.170000076293944,0.0
2017-07-18,13.220000267028809,0.0
2017-07-19,13.31999969482422,0.0
2017-07-20,13.329999923706056,0.0
2017-07-21,13.1899995803833,0.0
2017-07-24,13.260000228881836,0.0
2017-07-25,13.300000190734863,0.0
2017-07-26,13.199999809265137,0.0
2017-07-27,13.510000228881836,0.0
2017-07-28,13.199999809265137,0.0
2017-07-31,13.25,0.0
2017-08-01,13.350000381469728,0.0
2017-08-02,13.539999961853027,0.0
2017-08-03,13.40999984741211,0.0
2017-08-04,13.5,0.0
2017-08-07,13.710000038146973,0.0
2017-08-08,13.699999809265137,0.0
2017-08-09,13.470000267028809,0.0
2017-08-10,13.220000267028809,0.0
2017-08-11,13.130000114440918,0.0
2017-08-14,12.9399995803833,0.0
2017-08-15,13.09000015258789,0.0
2017-08-16,13.079999923706056,0.0
2017-08-17,13.289999961853027,0.0
2017-08-18,13.119999885559082,0.0
2017-08-21,13.1899995803833,0.0
2017-08-22,13.399999618530272,0.0
2017-08-23,13.420000076293944,0.0
2017-08-24,13.630000114440918,0.0
2017-08-25,13.75,0.0
2017-08-28,13.739999771118164,0.0
2017-08-29,13.68000030517578,0.0
2017-08-30,13.81999969482422,0.0
2017-08-31,13.890000343322754,0.0
2017-09-01,13.989999771118164,0.0
2017-09-04,13.93000030517578,0.0
2017-09-05,13.960000038146973,0.0
2017-09-06,13.81999969482422,0.0
2017-09-07,13.739999771118164,0.0
2017-09-08,13.920000076293944,0.0
2017-09-11,13.920000076293944,0.0
2017-09-12,13.979999542236328,0.0
2017-09-13,13.829999923706056,0.0
2017-09-14,13.850000381469728,0.0
2017-09-15,13.899999618530272,0.0
2017-09-18,14.140000343322754,0.0
2017-09-19,13.960000038146973,0.0
2017-09-20,13.84000015258789,0.0
2017-09-21,14.029999732971191,0.0
2017-09-22,13.65999984741211,0.0
2017-09-25,13.399999618530272,0.0
2017-09-26,13.229999542236328,0.0
2017-09-27,13.359999656677246,0.0
2017-09-28,13.3100004196167,0.0
2017-09-29,13.350000381469728,0.0
2017-10-02,13.720000267028809,0.0
2017-10-03,13.710000038146973,0.0
2017-10-05,13.84000015258789,0.0
2017-10-06,13.829999923706056,0.0
2017-10-11,14.09000015258789,0.0
2017-10-12,14.300000190734863,0.0
2017-10-13,14.329999923706056,0.0
2017-10-16,14.479999542236328,0.0
2017-10-17,14.390000343322754,0.0
2017-10-18,14.399999618530272,0.0
2017-10-19,14.5,0.0
2017-10-20,14.420000076293944,0.0
2017-10-23,14.449999809265137,0.0
2017-10-24,14.460000038146973,0.0
2017-10-25,14.43000030517578,0.0
2017-10-26,14.4399995803833,0.0
2017-10-27,14.31999969482422,0.0
2017-10-30,14.449999809265137,0.0
2017-10-31,14.56999969482422,0.0
2017-11-01,14.56999969482422,0.0
2017-11-02,14.5600004196167,0.0
2017-11-03,14.520000457763672,0.0
2017-11-06,14.510000228881836,0.0
2017-11-07,14.649999618530272,0.0
2017-11-08,14.630000114440918,0.0
2017-11-09,14.369999885559082,0.0
2017-11-10,14.4399995803833,0.0
2017-11-13,14.359999656677246,0.0
2017-11-14,14.31999969482422,0.0
2017-11-15,14.140000343322754,0.0
2017-11-16,14.170000076293944,0.0
2017-11-17,14.369999885559082,0.0
2017-11-20,14.289999961853027,0.0
2017-11-21,14.600000381469728,0.0
2017-11-22,14.699999809265137,0.0
2017-11-23,14.760000228881836,0.0
2017-11-24,14.75,0.0
2017-11-27,14.479999542236328,0.0
2017-11-28,14.369999885559082,0.0
2017-11-29,14.449999809265137,0.0
2017-11-30,14.0600004196167,0.0
2017-12-01,14.109999656677246,0.0
2017-12-04,14.220000267028809,0.0
2017-12-05,14.0,0.0
2017-12-06,13.56999969482422,0.0
2017-12-07,13.5,0.0
2017-12-08,13.529999732971191,0.0
2017-12-11,13.800000190734863,0.0
2017-12-12,13.630000114440918,0.0
2017-12-13,13.720000267028809,0.0
2017-12-14,13.93000030517578,0.0
2017-12-15,13.760000228881836,0.0
2017-12-18,13.8100004196167,0.0
2017-12-19,13.729999542236328,0.0
2017-12-20,13.850000381469728,0.0
2017-12-21,13.850000381469728,0.0
2017-12-22,13.93000030517578,0.0
2017-12-25,13.93000030517578,0.0
2017-12-26,13.630000114440918,0.0
2017-12-27,13.779999732971191,0.0
2017-12-28,14.039999961853027,0.0
2017-12-29,14.170000076293944,0.0
2018-01-02,14.350000381469728,0.0
2018-01-03,14.59000015258789,0.0
2018-01-04,14.68000030517578,0.0
2018-01-05,14.770000457763672,0.0
2018-01-08,14.850000381469728,0.0
2018-01-09,14.829999923706056,0.0
2018-01-10,14.65999984741211,0.0
2018-01-11,14.59000015258789,0.0
2018-01-12,14.850000381469728,0.0
2018-01-15,15.029999732971191,0.0
2018-01-16,15.119999885559082,0.0
2018-01-17,15.109999656677246,0.0
2018-01-18,15.399999618530272,0.0
2018-01-19,15.56999969482422,0.0
2018-01-22,15.789999961853027,0.0
2018-01-23,15.829999923706056,0.0
2018-01-24,15.539999961853027,0.0
2018-01-25,15.619999885559082,0.0
2018-01-26,15.649999618530272,0.0
2018-01-29,15.729999542236328,0.0
2018-01-30,15.420000076293944,0.0
2018-01-31,15.479999542236328,0.0
2018-02-01,15.649999618530272,0.0
2018-02-02,15.5,0.0
2018-02-05,14.989999771118164,0.0
2018-02-06,13.4399995803833,0.0
2018-02-07,13.859999656677246,0.0
2018-02-08,13.859999656677246,0.0
2018-02-09,13.380000114440918,0.0
2018-02-12,13.539999961853027,0.0
2018-02-21,14.329999923706056,0.0
2018-02-22,14.170000076293944,0.0
2018-02-23,14.600000381469728,0.0
2018-02-26,14.670000076293944,0.0
2018-02-27,14.630000114440918,0.0
2018-03-01,14.550000190734863,0.0
2018-03-02,14.31999969482422,0.0
2018-03-05,14.15999984741211,0.0
2018-03-06,14.600000381469728,0.0
2018-03-07,14.390000343322754,0.0
2018-03-08,14.739999771118164,0.0
2018-03-09,14.789999961853027,0.0
2018-03-12,15.220000267028809,0.0
2018-03-13,15.43000030517578,0.0
2018-03-14,15.25,0.0
2018-03-15,15.289999961853027,0.0
2018-03-16,15.1899995803833,0.0
2018-03-19,15.239999771118164,0.0
2018-03-20,15.1899995803833,0.0
2018-03-21,15.260000228881836,0.0
2018-03-22,15.199999809265137,0.0
2018-03-23,14.539999961853027,0.0
2018-03-26,14.729999542236328,0.0
2018-03-27,15.140000343322754,0.0
2018-03-28,14.739999771118164,0.0
2018-03-29,14.779999732971191,0.0
2018-03-30,15.0,0.0
2018-04-02,14.800000190734863,0.0
2018-04-03,14.65999984741211,0.0
2018-04-09,14.949999809265137,0.0
2018-04-10,15.06999969482422,0.0
2018-04-11,15.119999885559082,0.0
2018-04-12,15.050000190734863,0.0
2018-04-13,15.109999656677246,0.0
2018-04-16,15.039999961853027,0.0
2018-04-17,14.68000030517578,0.0
2018-04-18,14.8100004196167,0.0
2018-04-19,15.15999984741211,0.0
2018-04-20,14.640000343322754,0.0
2018-04-23,14.420000076293944,0.0
2018-04-24,14.170000076293944,0.0
2018-04-25,14.029999732971191,0.0
2018-04-26,13.850000381469728,0.0
2018-04-27,14.010000228881836,0.0
2018-04-30,14.279999732971191,0.0
2018-05-02,14.18000030517578,0.0
2018-05-03,13.920000076293944,0.0
2018-05-04,13.9399995803833,0.0
2018-05-07,14.140000343322754,0.0
2018-05-08,14.289999961853027,0.0
2018-05-09,14.399999618530272,0.0
2018-05-10,14.550000190734863,0.0
2018-05-11,14.829999923706056,0.0
2018-05-14,15.06999969482422,0.0
2018-05-15,14.81999969482422,0.0
2018-05-16,14.880000114440918,0.0
2018-05-17,14.739999771118164,0.0
2018-05-18,14.739999771118164,0.0
2018-05-21,15.130000114440918,0.0
2018-05-22,14.989999771118164,0.0
2018-05-23,14.880000114440918,0.0
2018-05-24,15.010000228881836,0.0
2018-05-25,15.020000457763672,0.0
2018-05-28,15.15999984741211,0.0
2018-05-29,15.050000190734863,0.0
2018-05-30,14.600000381469728,0.0
2018-05-31,14.789999961853027,0.0
2018-06-01,15.0,0.0
2018-06-04,15.470000267028809,0.0
2018-06-05,15.369999885559082,0.0
2018-06-06,15.789999961853027,0.0
2018-06-07,15.8100004196167,0.0
2018-06-08,15.520000457763672,0.0
2018-06-11,15.609999656677246,0.0
2018-06-12,15.59000015258789,0.0
2018-06-13,15.609999656677246,0.0
2018-06-14,15.199999809265137,0.0
2018-06-15,15.350000381469728,0.0
2018-06-19,14.90999984741211,0.0
2018-06-20,15.149999618530272,0.0
2018-06-21,15.06999969482422,0.0
2018-06-22,14.93000030517578,0.0
2018-06-25,14.779999732971191,0.0
2018-06-26,14.729999542236328,0.0
2018-06-27,14.619999885559082,0.0
2018-06-28,14.550000190734863,0.0
2018-06-29,15.010000228881836,0.0
2018-07-02,14.789999961853027,0.0
2018-07-03,14.739999771118164,0.0
2018-07-04,14.8100004196167,0.0
2018-07-05,14.510000228881836,0.0
2018-07-06,14.59000015258789,0.0
2018-07-09,14.93000030517578,0.0
2018-07-10,15.039999961853027,0.0
2018-07-11,14.81999969482422,0.0
2018-07-12,15.170000076293944,0.0
2018-07-13,15.4399995803833,0.0
2018-07-16,15.329999923706056,0.0
2018-07-17,15.199999809265137,0.0
2018-07-18,15.380000114440918,0.0
2018-07-19,15.359999656677246,0.0
2018-07-20,15.600000381469728,0.0
2018-07-23,15.68000030517578,0.0
2018-07-24,15.789999961853027,0.0
2018-07-25,15.770000457763672,0.0
2018-07-26,15.869999885559082,0.0
2018-07-27,16.1299991607666,0.0
2018-07-30,16.0,0.0
2018-07-31,16.1299991607666,0.0
2018-08-01,16.299999237060547,0.0
2018-08-02,15.779999732971191,0.0
2018-08-03,16.040000915527344,0.0
2018-08-06,16.100000381469727,0.0
2018-08-07,16.049999237060547,0.0
2018-08-08,16.260000228881836,0.0
2018-08-09,16.200000762939453,0.0
2018-08-10,16.010000228881836,0.0
2018-08-13,15.449999809265137,0.0
2018-08-14,15.59000015258789,0.0
2018-08-15,15.300000190734863,0.0
2018-08-16,15.329999923706056,0.0
2018-08-17,15.199999809265137,0.0
2018-08-20,15.279999732971191,0.0
2018-08-21,15.5600004196167,0.0
2018-08-22,15.510000228881836,0.0
2018-08-23,15.6899995803833,0.0
2018-08-24,15.579999923706056,0.0
2018-08-27,15.880000114440918,0.0
2018-08-28,16.040000915527344,0.0
2018-08-29,16.31999969482422,0.0
2018-08-30,16.280000686645508,0.0
2018-08-31,16.209999084472656,0.0
2018-09-03,15.9399995803833,0.0
2018-09-04,16.18000030517578,0.0
2018-09-05,16.06999969482422,0.0
2018-09-06,15.899999618530272,0.0
2018-09-07,15.710000038146973,0.0
2018-09-10,15.420000076293944,0.0
2018-09-11,15.449999809265137,0.0
2018-09-12,15.390000343322754,0.0
2018-09-13,15.380000114440918,0.0
2018-09-14,15.84000015258789,0.0
2018-09-17,15.68000030517578,0.0
2018-09-18,15.5600004196167,0.0
2018-09-19,15.8100004196167,0.0
2018-09-20,15.729999542236328,0.0
2018-09-21,16.049999237060547,0.0
2018-09-25,16.110000610351562,0.0
2018-09-26,16.079999923706055,0.0
2018-09-27,16.15999984741211,0.0
2018-09-28,16.040000915527344,0.0
2018-10-01,16.209999084472656,0.0
2018-10-02,15.829999923706056,0.0
2018-10-03,15.739999771118164,0.0
2018-10-04,15.3100004196167,0.0
2018-10-05,14.84000015258789,0.0
2018-10-08,14.710000038146973,0.0
2018-10-09,14.739999771118164,0.0
2018-10-11,12.489999771118164,0.0
2018-10-12,13.329999923706056,0.0
2018-10-15,12.949999809265137,0.0
2018-10-16,13.18000030517578,0.0
2018-10-17,13.18000030517578,0.0
2018-10-18,13.109999656677246,0.0
2018-10-19,13.149999618530272,0.0
2018-10-22,13.1899995803833,0.0
2018-10-23,12.6899995803833,0.0
2018-10-24,12.649999618530272,0.0
2018-10-25,12.010000228881836,0.0
2018-10-26,11.9399995803833,0.0
2018-10-29,12.050000190734863,0.0
2018-10-30,12.149999618530272,0.0
2018-10-31,12.630000114440918,0.0
2018-11-01,12.859999656677246,0.0
2018-11-02,13.0,0.0
2018-11-05,12.84000015258789,0.0
2018-11-06,12.720000267028809,0.0
2018-11-07,13.010000228881836,0.0
2018-11-08,13.130000114440918,0.0
2018-11-09,12.770000457763672,0.0
2018-11-12,12.829999923706056,0.0
2018-11-13,12.670000076293944,0.0
2018-11-14,12.710000038146973,0.0
2018-11-15,12.850000381469728,0.0
2018-11-16,12.720000267028809,0.0
2018-11-19,12.81999969482422,0.0
2018-11-20,12.65999984741211,0.0
2018-11-21,12.649999618530272,0.0
2018-11-22,12.59000015258789,0.0
2018-11-23,12.449999809265137,0.0
2018-11-26,12.710000038146973,0.0
2018-11-27,12.720000267028809,0.0
2018-11-28,13.039999961853027,0.0
2018-11-29,13.020000457763672,0.0
2018-11-30,12.949999809265137,0.0
2018-12-03,13.699999809265137,0.0
2018-12-04,13.4399995803833,0.0
2018-12-05,13.06999969482422,0.0
2018-12-06,12.449999809265137,0.0
2018-12-07,12.670000076293944,0.0
2018-12-10,12.350000381469728,0.0
2018-12-11,12.5,0.0
2018-12-12,12.84000015258789,0.0
2018-12-13,12.899999618530272,0.0
2018-12-14,12.630000114440918,0.0
2018-12-17,12.779999732971191,0.0
2018-12-18,12.59000015258789,0.0
2018-12-19,12.720000267028809,0.0
2018-12-20,12.449999809265137,0.0
2018-12-21,12.5,0.0
2018-12-24,12.4399995803833,0.0
2018-12-25,12.050000190734863,0.0
2018-12-26,11.979999542236328,0.0
2018-12-27,12.43000030517578,0.0
2018-12-28,12.529999732971191,0.0
2019-01-02,12.170000076293944,0.0
2019-01-03,12.029999732971191,0.0
2019-01-04,11.760000228881836,0.0
2019-01-07,12.300000190734863,0.0
2019-01-08,12.270000457763672,0.0
2019-01-09,12.68000030517578,0.0
2019-01-10,12.609999656677246,0.0
2019-01-11,12.739999771118164,0.0
2019-01-14,12.579999923706056,0.0
2019-01-15,12.84000015258789,0.0
2019-01-16,12.75,0.0
2019-01-17,12.800000190734863,0.0
2019-01-18,12.920000076293944,0.0
2019-01-21,13.09000015258789,0.0
2019-01-22,12.960000038146973,0.0
2019-01-23,12.90999984741211,0.0
2019-01-24,12.989999771118164,0.0
2019-01-25,13.31999969482422,0.0
2019-01-28,13.34000015258789,0.0
2019-01-29,13.130000114440918,0.0
2019-01-30,13.18000030517578,0.0
2019-02-11,13.380000114440918,0.0
2019-02-12,13.59000015258789,0.0
2019-02-13,13.600000381469728,0.0
2019-02-14,13.579999923706056,0.0
2019-02-15,13.479999542236328,0.0
2019-02-18,13.729999542236328,0.0
2019-02-19,13.770000457763672,0.0
2019-02-20,13.989999771118164,0.0
2019-02-21,14.199999809265137,0.0
2019-02-22,14.149999618530272,0.0
2019-02-25,14.350000381469728,0.0
2019-02-26,14.350000381469728,0.0
2019-02-27,14.34000015258789,0.0
2019-03-04,14.199999809265137,0.0
2019-03-05,14.079999923706056,0.0
2019-03-06,14.1899995803833,0.0
2019-03-07,14.0600004196167,0.0
2019-03-08,13.899999618530272,0.0
2019-03-11,13.970000267028809,0.0
2019-03-12,14.300000190734863,0.0
2019-03-13,14.25,0.0
2019-03-14,14.25,0.0
2019-03-15,14.470000267028809,0.0
2019-03-18,14.649999618530272,0.0
2019-03-19,14.720000267028809,0.0
2019-03-20,14.720000267028809,0.0
2019-03-21,14.93000030517578,0.0
2019-03-22,15.010000228881836,0.0
2019-03-25,14.539999961853027,0.0
2019-03-26,14.760000228881836,0.0
2019-03-27,14.729999542236328,0.0
2019-03-28,14.6899995803833,0.0
2019-03-29,14.93000030517578,0.0
2019-04-01,15.079999923706056,0.0
2019-04-02,15.199999809265137,0.0
2019-04-03,15.199999809265137,0.0
2019-04-08,15.43000030517578,0.0
2019-04-09,15.640000343322754,0.0
2019-04-10,15.720000267028809,0.0
2019-04-11,15.579999923706056,0.0
2019-04-12,15.529999732971191,0.0
2019-04-15,15.770000457763672,0.0
2019-04-16,15.899999618530272,0.0
2019-04-17,16.100000381469727,0.0
2019-04-18,15.9399995803833,0.0
2019-04-19,16.030000686645508,0.0
2019-04-22,16.040000915527344,0.0
2019-04-23,16.1299991607666,0.0
2019-04-24,16.1200008392334,0.0
2019-04-25,16.25,0.0
2019-04-26,15.899999618530272,0.0
2019-04-29,15.899999618530272,0.0
2019-04-30,15.949999809265137,0.0
2019-05-02,16.040000915527344,0.0
2019-05-03,16.360000610351562,0.0
2019-05-06,15.729999542236328,0.0
2019-05-07,16.020000457763672,0.0
2019-05-08,15.84000015258789,0.0
2019-05-09,15.420000076293944,0.0
2019-05-10,15.31999969482422,0.0
2019-05-13,14.899999618530272,0.0
2019-05-14,14.770000457763672,0.0
2019-05-15,14.90999984741211,0.0
2019-05-16,14.640000343322754,0.0
2019-05-17,14.43000030517578,0.0
2019-05-20,14.489999771118164,0.0
2019-05-21,14.640000343322754,0.0
2019-05-22,14.609999656677246,0.0
2019-05-23,14.1899995803833,0.0
2019-05-24,14.239999771118164,0.0
2019-05-27,14.229999542236328,0.0
2019-05-28,14.210000038146973,0.0
2019-05-29,14.119999885559082,0.0
2019-05-30,14.300000190734863,0.0
2019-05-31,14.56999969482422,0.0
2019-06-03,14.579999923706056,0.0
2019-06-04,14.4399995803833,0.0
2019-06-05,14.520000457763672,0.0
2019-06-06,14.31999969482422,0.0
2019-06-10,14.760000228881836,0.0
2019-06-11,14.880000114440918,0.0
2019-06-12,14.920000076293944,0.0
2019-06-13,14.729999542236328,0.0
2019-06-14,14.699999809265137,0.0
2019-06-17,14.800000190734863,0.0
2019-06-18,14.760000228881836,0.0
2019-06-19,15.43000030517578,0.0
2019-06-20,15.479999542236328,0.0
2019-06-21,15.489999771118164,0.0
2019-06-24,15.649999618530272,0.0
2019-06-25,15.34000015258789,0.0
2019-06-26,15.260000228881836,0.0
2019-06-27,15.579999923706056,0.0
2019-06-28,15.399999618530272,0.0
2019-07-01,16.0,0.0
2019-07-02,15.90999984741211,0.0
2019-07-03,15.609999656677246,0.0
2019-07-04,15.800000190734863,0.0
2019-07-05,15.81999969482422,0.0
2019-07-08,15.68000030517578,0.0
2019-07-09,15.65999984741211,0.0
2019-07-10,15.9399995803833,0.0
2019-07-11,16.170000076293945,0.0
2019-07-12,16.139999389648438,0.0
2019-07-15,16.299999237060547,0.0
2019-07-16,16.3799991607666,0.0
2019-07-17,16.139999389648438,0.0
2019-07-18,16.110000610351562,0.0
2019-07-19,16.389999389648438,0.0
2019-07-22,16.540000915527344,0.0
2019-07-23,16.549999237060547,0.0
2019-07-24,16.520000457763672,0.0
2019-07-25,16.6200008392334,0.0
2019-07-26,16.510000228881836,0.0
2019-07-29,16.520000457763672,0.0
2019-07-30,16.399999618530273,0.0
2019-07-31,16.34000015258789,0.0
2019-08-01,16.139999389648438,0.0
2019-08-02,15.640000343322754,0.0
2019-08-05,15.380000114440918,0.0
2019-08-06,15.270000457763672,0.0
2019-08-07,15.170000076293944,0.0
2019-08-08,15.5600004196167,0.0
2019-08-12,15.579999923706056,0.0
2019-08-13,15.279999732971191,0.0
2019-08-14,15.470000267028809,0.0
2019-08-15,15.140000343322754,0.0
2019-08-16,15.449999809265137,0.0
2019-08-19,15.649999618530272,0.0
2019-08-20,15.729999542236328,0.0
2019-08-21,15.779999732971191,0.0
2019-08-22,15.699999809265137,0.0
2019-08-23,15.800000190734863,0.0
2019-08-26,15.289999961853027,0.0
2019-08-27,15.40999984741211,0.0
2019-08-28,15.550000190734863,0.0
2019-08-29,15.600000381469728,0.0
2019-08-30,15.979999542236328,0.0
2019-09-02,16.100000381469727,0.0
2019-09-03,15.899999618530272,0.0
2019-09-04,16.25,0.0
2019-09-05,16.479999542236328,0.0
2019-09-06,16.600000381469727,0.0
2019-09-10,16.489999771118164,0.0
2019-09-11,16.56999969482422,0.0
2019-09-12,16.729999542236328,0.0
2019-09-16,16.860000610351562,0.0
2019-09-17,16.899999618530273,0.0
2019-09-18,17.079999923706055,0.0
2019-09-19,16.899999618530273,0.0
2019-09-20,16.989999771118164,0.0
2019-09-23,17.049999237060547,0.0
2019-09-24,17.020000457763672,0.0
2019-09-25,16.790000915527344,0.0
2019-09-26,16.850000381469727,0.0
2019-09-27,16.760000228881836,0.0
2019-10-01,17.200000762939453,0.0
2019-10-02,17.1299991607666,0.0
2019-10-03,16.889999389648438,0.0
2019-10-04,16.959999084472656,0.0
2019-10-07,17.030000686645508,0.0
2019-10-08,17.31999969482422,0.0
2019-10-09,17.020000457763672,0.0
2019-10-14,17.56999969482422,0.0
2019-10-15,17.649999618530273,0.0
2019-10-16,17.770000457763672,0.0
2019-10-17,17.850000381469727,0.0
2019-10-18,17.8700008392334,0.0
2019-10-21,17.899999618530273,0.0
2019-10-22,18.13999938964844,0.0
2019-10-23,17.969999313354492,0.0
2019-10-24,18.209999084472656,0.0
2019-10-25,18.270000457763672,0.0
2019-10-28,18.3799991607666,0.0
2019-10-29,18.3799991607666,0.0
2019-10-30,18.459999084472656,0.0
2019-10-31,18.5,0.0
2019-11-01,18.59000015258789,0.0
2019-11-04,19.15999984741211,0.0
2019-11-05,19.40999984741211,0.0
2019-11-06,19.51000022888184,0.0
2019-11-07,19.290000915527344,0.0
2019-11-08,19.25,0.0
2019-11-11,18.799999237060547,0.0
2019-11-12,19.020000457763672,0.0
2019-11-13,18.809999465942383,0.0
2019-11-14,18.790000915527344,0.0
2019-11-15,19.07999992370605,0.0
2019-11-18,19.229999542236328,0.0
2019-11-19,19.479999542236328,0.0
2019-11-20,19.299999237060547,0.0
2019-11-21,19.11000061035156,0.0
2019-11-22,19.170000076293945,0.0
2019-11-25,19.21999931335449,0.0
2019-11-26,19.3700008392334,0.0
2019-11-27,19.46999931335449,0.0
2019-11-28,19.43000030517578,0.0
2019-11-29,18.86000061035156,0.0
2019-12-02,18.8799991607666,0.0
2019-12-03,19.0,0.0
2019-12-04,18.89999961853028,0.0
2019-12-05,19.280000686645508,0.0
2019-12-06,19.31999969482422,0.0
2019-12-09,19.530000686645508,0.0
2019-12-10,19.36000061035156,0.0
2019-12-11,19.59000015258789,0.0
2019-12-12,20.13999938964844,0.0
2019-12-13,20.440000534057617,0.0
2019-12-16,20.5,0.0
2019-12-17,20.8799991607666,0.0
2019-12-18,20.90999984741211,0.0
2019-12-19,20.739999771118164,0.0
2019-12-20,20.61000061035156,0.0
2019-12-23,20.61000061035156,0.0
2019-12-24,20.6299991607666,0.0
2019-12-25,20.709999084472656,0.0
2019-12-26,20.690000534057617,0.0
2019-12-27,20.96999931335449,0.0
2019-12-30,20.88999938964844,0.0
2019-12-31,20.64999961853028,0.0
2020-01-02,20.979999542236328,0.0
2020-01-03,20.799999237060547,0.0
2020-01-06,20.46999931335449,0.0
2020-01-07,20.25,0.0
2020-01-08,20.0,0.0
2020-01-09,20.530000686645508,0.0
2020-01-10,20.670000076293945,0.0
2020-01-13,20.96999931335449,0.0
2020-01-14,21.209999084472656,0.0
2020-01-15,20.8700008392334,0.0
2020-01-16,20.8799991607666,0.0
2020-01-17,20.920000076293945,0.0
2020-01-20,21.100000381469727,0.0
2020-01-30,18.600000381469727,0.0
2020-01-31,18.89999961853028,0.0
2020-02-03,18.479999542236328,0.0
2020-02-04,19.030000686645508,0.0
2020-02-05,19.1299991607666,0.0
2020-02-06,19.71999931335449,0.0
2020-02-07,19.290000915527344,0.0
2020-02-10,19.07999992370605,0.0
2020-02-11,19.479999542236328,0.0
2020-02-12,19.82999992370605,0.0
2020-02-13,19.84000015258789,0.0
2020-02-14,20.0,0.0
2020-02-17,19.780000686645508,0.0
2020-02-18,19.39999961853028,0.0
2020-02-19,19.799999237060547,0.0
2020-02-20,19.700000762939453,0.0
2020-02-21,19.530000686645508,0.0
2020-02-24,19.059999465942383,0.0
2020-02-25,19.1299991607666,0.0
2020-02-26,18.75,0.0
2020-02-27,18.26000022888184,0.0
2020-03-02,18.020000457763672,0.0
2020-03-03,18.350000381469727,0.0
2020-03-04,18.51000022888184,0.0
2020-03-05,18.88999938964844,0.0
2020-03-06,18.229999542236328,0.0
2020-03-09,17.149999618530273,0.0
2020-03-10,17.290000915527344,0.0
2020-03-11,16.790000915527344,0.0
2020-03-12,15.220000267028809,0.0
2020-03-13,14.520000457763672,0.0
2020-03-16,13.380000114440918,0.0
2020-03-17,12.699999809265137,0.0
2020-03-18,11.9399995803833,0.0
2020-03-19,10.229999542236328,0.0
2020-03-20,11.920000076293944,0.0
2020-03-23,10.899999618530272,0.0
2020-03-24,12.149999618530272,0.0
2020-03-25,13.029999732971191,0.0
2020-03-26,13.279999732971191,0.0
2020-03-27,13.149999618530272,0.0
2020-03-30,13.06999969482422,0.0
2020-03-31,13.18000030517578,0.0
2020-04-01,13.18000030517578,0.0
2020-04-06,13.670000076293944,0.0
2020-04-07,14.239999771118164,0.0
2020-04-08,14.68000030517578,0.0
2020-04-09,14.59000015258789,0.0
2020-04-10,14.6899995803833,0.0
2020-04-13,14.529999732971191,0.0
2020-04-14,15.3100004196167,0.0
2020-04-15,15.510000228881836,0.0
2020-04-16,15.43000030517578,0.0
2020-04-17,16.15999984741211,0.0
2020-04-20,16.0,0.0
2020-04-21,15.100000381469728,0.0
2020-04-22,15.170000076293944,0.0
2020-04-23,15.399999618530272,0.0
2020-04-24,15.350000381469728,0.0
2020-04-27,16.200000762939453,0.0
2020-04-28,16.25,0.0
2020-04-29,16.739999771118164,0.0
2020-04-30,17.420000076293945,0.0
2020-05-04,16.450000762939453,0.0
2020-05-05,16.690000534057617,0.0
2020-05-06,16.719999313354492,0.0
2020-05-07,17.030000686645508,0.0
2020-05-08,17.260000228881836,0.0
2020-05-11,17.540000915527344,0.0
2020-05-12,17.15999984741211,0.0
2020-05-13,17.290000915527344,0.0
2020-05-14,16.790000915527344,0.0
2020-05-15,16.989999771118164,0.0
2020-05-18,16.790000915527344,0.0
2020-05-19,17.15999984741211,0.0
2020-05-20,17.209999084472656,0.0
2020-05-21,17.600000381469727,0.0
2020-05-22,16.860000610351562,0.0
2020-05-25,17.18000030517578,0.0
2020-05-26,17.670000076293945,0.0
2020-05-27,17.600000381469727,0.0
2020-05-28,17.399999618530273,0.0
2020-05-29,17.489999771118164,0.0
2020-06-01,17.889999389648438,0.0
2020-06-02,18.010000228881836,0.0
2020-06-03,18.63999938964844,0.0
2020-06-04,18.89999961853028,0.0
2020-06-05,19.190000534057617,0.0
2020-06-08,19.559999465942383,0.0
2020-06-09,19.64999961853028,0.0
2020-06-10,20.020000457763672,0.0
2020-06-11,19.25,0.0
2020-06-12,19.0,0.0
2020-06-15,18.51000022888184,0.0
2020-06-16,19.3799991607666,0.0
2020-06-17,19.43000030517578,0.0
2020-06-18,19.549999237060547,0.0
2020-06-19,19.56999969482422,0.0
2020-06-22,19.57999992370605,0.0
2020-06-23,19.799999237060547,0.0
2020-06-24,19.989999771118164,0.0
2020-06-29,19.5,0.0
2020-06-30,19.8799991607666,0.0
2020-07-01,20.1200008392334,0.0
2020-07-02,20.63999938964844,0.0
2020-07-03,21.059999465942383,0.0
2020-07-06,21.89999961853028,0.0
2020-07-07,21.81999969482422,0.0
2020-07-08,22.11000061035156,0.0
2020-07-09,22.170000076293945,0.0
2020-07-10,21.71999931335449,0.0
2020-07-13,22.39999961853028,0.0
2020-07-14,22.32999992370605,0.0
2020-07-15,22.450000762939453,0.0
2020-07-16,22.14999961853028,0.0
2020-07-17,22.36000061035156,0.0
2020-07-20,22.32999992370605,0.0
2020-07-21,23.239999771118164,0.0
2020-07-22,23.39999961853028,0.0
2020-07-23,23.32999992370605,0.0
2020-07-24,22.780000686645508,0.0
2020-07-27,24.0,0.0
2020-07-28,23.8799991607666,0.0
2020-07-29,23.81999969482422,0.0
2020-07-30,24.36000061035156,0.0
2020-07-31,24.31999969482422,0.0
2020-08-03,23.75,0.0
2020-08-04,24.489999771118164,0.0
2020-08-05,24.89999961853028,0.0
2020-08-06,25.299999237060547,0.0
2020-08-07,25.01000022888184,0.0
2020-08-10,25.43000030517578,0.0
2020-08-11,25.0,0.0
2020-08-12,24.530000686645508,0.0
2020-08-13,24.920000076293945,0.0
2020-08-14,25.059999465942383,0.0
2020-08-17,25.76000022888184,0.0
2020-08-18,25.40999984741211,0.0
2020-08-19,25.15999984741211,0.0
2020-08-20,23.270000457763672,0.0
2020-08-21,24.25,0.0
2020-08-24,24.51000022888184,0.0
2020-08-25,24.920000076293945,0.0
2020-08-26,25.11000061035156,0.0
2020-08-27,25.11000061035156,0.0
2020-08-28,24.809999465942383,0.0
2020-08-31,24.36000061035156,0.0
2020-09-01,24.790000915527344,0.0
2020-09-02,24.780000686645508,0.0
2020-09-03,25.01000022888184,0.0
2020-09-04,24.489999771118164,0.0
2020-09-07,24.440000534057617,0.0
2020-09-08,24.709999084472656,0.0
2020-09-09,24.440000534057617,0.0
2020-09-10,24.700000762939453,0.0
2020-09-11,24.690000534057617,0.0
2020-09-14,25.299999237060547,0.0
2020-09-15,25.56999969482422,0.0
2020-09-16,25.96999931335449,0.0
2020-09-17,25.6200008392334,0.0
2020-09-18,25.770000457763672,0.0
2020-09-21,25.239999771118164,0.0
2020-09-22,24.46999931335449,0.0
2020-09-23,24.56999969482422,0.0
2020-09-24,23.25,0.0
2020-09-25,23.280000686645508,0.0
2020-09-28,24.06999969482422,0.0
2020-09-29,24.170000076293945,0.0
2020-09-30,24.38999938964844,0.0
2020-10-05,24.540000915527344,0.0
2020-10-06,25.09000015258789,0.0
2020-10-07,25.299999237060547,0.0
2020-10-08,25.799999237060547,0.0
2020-10-12,26.07999992370605,0.0
2020-10-13,26.07999992370605,0.0
2020-10-14,25.959999084472656,0.0
2020-10-15,25.64999961853028,0.0
2020-10-16,25.32999992370605,0.0
2020-10-19,26.020000457763672,0.0
2020-10-20,25.799999237060547,0.0
2020-10-21,25.950000762939453,0.0
2020-10-22,25.979999542236328,0.0
2020-10-23,26.059999465942383,0.0
2020-10-26,26.15999984741211,0.0
2020-10-27,25.920000076293945,0.0
2020-10-28,25.6299991607666,0.0
2020-10-29,25.09000015258789,0.0
2020-10-30,24.520000457763672,0.0
2020-11-02,24.729999542236328,0.0
2020-11-03,25.440000534057617,0.0
2020-11-04,26.09000015258789,0.0
2020-11-05,26.200000762939453,0.0
2020-11-06,26.43000030517578,0.0
2020-11-09,27.21999931335449,0.0
2020-11-10,26.93000030517578,0.0
2020-11-11,27.780000686645508,0.0
2020-11-12,27.61000061035156,0.0
2020-11-13,27.75,0.0
2020-11-16,29.049999237060547,0.0
2020-11-17,29.239999771118164,0.0
2020-11-18,29.809999465942383,0.0
2020-11-19,29.799999237060547,0.0
2020-11-20,29.780000686645508,0.0
2020-11-23,30.51000022888184,0.0
2020-11-24,30.170000076293945,0.0
2020-11-25,29.700000762939453,0.0
2020-11-26,30.36000061035156,0.0
2020-11-27,30.5,0.0
2020-11-30,29.780000686645508,0.0
2020-12-01,30.43000030517578,0.0
2020-12-02,30.88999938964844,0.0
2020-12-03,30.920000076293945,0.0
2020-12-04,31.670000076293945,0.0
2020-12-07,31.940000534057617,0.0
2020-12-08,32.59000015258789,0.0
2020-12-09,32.849998474121094,0.0
2020-12-10,32.13999938964844,0.0
2020-12-11,32.060001373291016,0.0
2020-12-14,32.099998474121094,0.0
2020-12-15,31.299999237060547,0.0
2020-12-16,32.369998931884766,0.0
2020-12-17,32.279998779296875,0.0
2020-12-18,32.16999816894531,0.0
2020-12-21,32.86000061035156,0.0
2020-12-22,31.850000381469727,0.0
2020-12-23,32.189998626708984,0.0
2020-12-24,32.58000183105469,0.0
2020-12-25,32.849998474121094,0.0
2020-12-28,33.47999954223633,0.0
2020-12-29,33.41999816894531,0.0
2020-12-30,34.36000061035156,0.0
2020-12-31,34.599998474121094,0.0
2021-01-04,35.63999938964844,0.0
2021-01-05,35.810001373291016,0.0
2021-01-06,35.7599983215332,0.0
2021-01-07,37.220001220703125,0.0
2021-01-08,38.310001373291016,0.0
2021-01-11,38.720001220703125,0.0
2021-01-12,38.43999862670898,0.0
2021-01-13,39.88999938964844,0.0
2021-01-14,39.54999923706055,0.0
2021-01-15,39.060001373291016,0.0
2021-01-18,38.880001068115234,0.0
2021-01-19,40.58000183105469,0.0
2021-01-20,39.709999084472656,0.0
2021-01-21,41.68000030517578,0.0
2021-01-22,41.18000030517578,0.0
2021-01-25,40.7400016784668,0.0
2021-01-26,39.25,0.0
2021-01-27,39.41999816894531,0.0
2021-01-28,38.09000015258789,0.0
2021-01-29,36.709999084472656,0.0
2021-02-01,37.93999862670898,0.0
2021-02-02,39.75,0.0
2021-02-03,39.93999862670898,0.0
2021-02-04,39.380001068115234,0.0
2021-02-05,40.08000183105469,0.0
2021-02-17,43.0,0.0
2021-02-18,43.47999954223633,0.0
2021-02-19,43.040000915527344,0.0
2021-02-22,43.34999847412109,0.0
2021-02-23,43.72999954223633,0.0
2021-02-24,42.25,0.0
2021-02-25,43.369998931884766,0.0
2021-02-26,40.77999877929688,0.0
2021-03-02,40.7599983215332,0.0
2021-03-03,42.27999877929688,0.0
2021-03-04,40.880001068115234,0.0
2021-03-05,40.34999847412109,0.0
2021-03-08,40.31999969482422,0.0
2021-03-09,40.36000061035156,0.0
2021-03-10,40.560001373291016,0.0
2021-03-11,42.22999954223633,0.0
2021-03-12,42.5,0.0
2021-03-15,42.43000030517578,0.0
2021-03-16,42.91999816894531,0.0
2021-03-17,42.27999877929688,0.0
2021-03-18,42.900001525878906,0.0
2021-03-19,41.68999862670898,0.0
2021-03-22,42.34999847412109,0.0
2021-03-23,42.119998931884766,0.0
2021-03-24,41.369998931884766,0.0
2021-03-25,41.7599983215332,0.0
2021-03-26,43.06999969482422,0.0
2021-03-29,43.70000076293945,0.0
2021-03-30,44.38999938964844,0.0
2021-03-31,43.810001373291016,0.0
2021-04-01,44.47999954223633,0.0
2021-04-07,45.68000030517578,0.0
2021-04-08,46.43000030517578,0.0
2021-04-09,46.09000015258789,0.0
2021-04-12,46.040000915527344,0.0
2021-04-13,45.869998931884766,0.0
2021-04-14,45.970001220703125,0.0
2021-04-15,47.13999938964844,0.0
2021-04-16,47.58000183105469,0.0
2021-04-19,48.34000015258789,0.0
2021-04-20,48.58000183105469,0.0
2021-04-21,48.0,0.0
2021-04-22,47.77999877929688,0.0
2021-04-23,48.52999877929688,0.0
2021-04-26,50.150001525878906,0.0
2021-04-27,50.34999847412109,0.0
2021-04-28,50.20000076293945,0.0
2021-04-29,50.5,0.0
2021-05-03,48.5099983215332,0.0
2021-05-04,46.83000183105469,0.0
2021-05-05,46.09000015258789,0.0
2021-05-06,46.900001525878906,0.0
2021-05-07,48.75,0.0
2021-05-10,48.40999984741211,0.0
2021-05-11,44.47999954223633,0.0
2021-05-12,40.5,0.0
2021-05-13,39.47999954223633,0.0
2021-05-14,40.43999862670898,0.0
2021-05-17,38.060001373291016,0.0
2021-05-18,42.310001373291016,0.0
2021-05-19,42.02000045776367,0.0
2021-05-20,41.52000045776367,0.0
2021-05-21,43.0,0.0
2021-05-24,43.36000061035156,0.0
2021-05-25,44.81999969482422,0.0
2021-05-26,44.900001525878906,0.0
2021-05-27,44.560001373291016,0.0
2021-05-28,46.29999923706055,0.0
2021-05-31,47.060001373291016,0.0
2021-06-01,47.7599983215332,0.0
2021-06-02,47.52000045776367,0.0
2021-06-03,48.27999877929688,0.0
2021-06-04,47.619998931884766,0.0
2021-06-07,47.5,0.0
2021-06-08,47.29999923706055,0.0
2021-06-09,46.709999084472656,0.0
2021-06-10,47.880001068115234,0.0
2021-06-11,48.2400016784668,0.0
2021-06-15,49.18999862670898,0.0
2021-06-16,49.0,0.0
2021-06-17,49.18000030517578,0.0
2021-06-18,49.119998931884766,0.0
2021-06-21,47.290000915527344,0.0
2021-06-22,47.52999877929688,0.0
2021-06-23,49.25,0.0
2021-06-24,49.5,0.0
2021-06-25,49.91999816894531,0.0
2021-06-28,50.59999847412109,0.0
2021-06-29,50.5,0.0
2021-06-30,51.70000076293945,0.0
2021-07-01,51.09999847412109,0.0
2021-07-02,51.25,0.0
2021-07-05,52.79999923706055,0.0
2021-07-06,52.650001525878906,0.0
2021-07-07,52.04999923706055,0.0
2021-07-08,52.25,0.0
2021-07-09,51.25,0.0
2021-07-12,52.400001525878906,0.0
2021-07-13,52.5,0.0
2021-07-14,52.400001525878906,0.0
2021-07-15,53.54999923706055,0.0
2021-07-16,52.79999923706055,0.0
2021-07-19,52.04999923706055,0.0
2021-07-20,50.54999923706055,0.0
2021-07-21,50.20000076293945,0.0
2021-07-22,51.09999847412109,0.0
2021-07-23,51.150001525878906,0.0
2021-07-26,50.09999847412109,0.0
2021-07-27,49.70000076293945,0.0
2021-07-28,48.369998931884766,0.0
2021-07-29,50.59999847412109,0.0
2021-07-30,49.540000915527344,0.0
2021-08-02,51.150001525878906,0.0
2021-08-03,51.54999923706055,0.0
2021-08-04,51.95000076293945,0.0
2021-08-05,51.75,0.0
2021-08-06,51.400001525878906,0.0
2021-08-09,50.95000076293945,0.0
2021-08-10,50.20000076293945,0.0
2021-08-11,49.650001525878906,0.0
2021-08-12,49.56999969482422,0.0
2021-08-13,48.400001525878906,0.0
2021-08-16,47.59999847412109,0.0
2021-08-17,46.52999877929688,0.0
2021-08-18,47.630001068115234,0.0
2021-08-19,45.04999923706055,0.0
2021-08-20,44.91999816894531,0.0
2021-08-23,47.40999984741211,0.0
2021-08-24,47.84000015258789,0.0
2021-08-25,48.93999862670898,0.0
2021-08-26,49.040000915527344,0.0
2021-08-27,50.09999847412109,0.0
2021-08-30,51.150001525878906,0.0
2021-08-31,51.70000076293945,0.0
2021-09-01,51.900001525878906,0.0
2021-09-02,50.79999923706055,0.0
2021-09-03,52.20000076293945,0.0
2021-09-06,51.84999847412109,0.0
2021-09-07,51.54999923706055,0.0
2021-09-08,50.5,0.0
2021-09-09,50.59999847412109,0.0
2021-09-10,51.95000076293945,0.0
2021-09-13,51.75,0.0
2021-09-14,51.79999923706055,0.0
2021-09-15,51.34999847412109,0.0
2021-09-16,50.900001525878906,0.0
2021-09-17,51.34999847412109,0.0
2021-09-22,48.810001373291016,0.0
2021-09-23,49.84999847412109,0.0
2021-09-24,50.70000076293945,0.0
2021-09-27,51.0,0.0
2021-09-28,50.20000076293945,0.0
2021-09-29,48.2599983215332,0.0
2021-09-30,48.880001068115234,0.0
2021-10-01,46.38999938964844,0.0
2021-10-04,45.880001068115234,0.0
2021-10-05,45.970001220703125,0.0
2021-10-06,45.790000915527344,0.0
2021-10-07,47.7599983215332,0.0
2021-10-08,47.18000030517578,0.0
2021-10-12,46.09999847412109,0.0
2021-10-13,45.720001220703125,0.0
2021-10-14,46.02000045776367,0.0
2021-10-15,48.0,0.0
2021-10-18,47.7599983215332,0.0
2021-10-19,48.81999969482422,0.0
2021-10-20,48.77000045776367,0.0
2021-10-21,48.540000915527344,0.0
2021-10-22,48.619998931884766,0.0
2021-10-25,48.81999969482422,0.0
2021-10-26,49.65999984741211,0.0
2021-10-27,49.79999923706055,0.0
2021-10-28,49.65999984741211,0.0
2021-10-29,49.06999969482422,0.0
2021-11-01,49.86000061035156,0.0
2021-11-02,49.56999969482422,0.0
2021-11-03,49.93000030517578,0.0
2021-11-04,49.93000030517578,0.0
2021-11-05,51.04999923706055,0.0
2021-11-08,51.84999847412109,0.0
2021-11-09,52.70000076293945,0.0
2021-11-10,52.5,0.0
2021-11-11,52.0,0.0
2021-11-12,52.54999923706055,0.0
2021-11-15,53.34999847412109,0.0
2021-11-16,53.5,0.0
2021-11-17,53.79999923706055,0.0
2021-11-18,54.59999847412109,0.0
2021-11-19,54.5,0.0
2021-11-22,54.34999847412109,0.0
2021-11-23,53.29999923706055,0.0
2021-11-24,53.34999847412109,0.0
2021-11-25,53.34999847412109,0.0
2021-11-26,51.34999847412109,0.0
2021-11-29,51.20000076293945,0.0
2021-11-30,51.45000076293945,0.0
2021-12-01,52.900001525878906,0.0
2021-12-02,53.5,0.0
2021-12-03,53.650001525878906,0.0
2021-12-06,53.5,0.0
2021-12-07,54.0,0.0
2021-12-08,54.650001525878906,0.0
2021-12-09,54.650001525878906,0.0
2021-12-10,54.34999847412109,0.0
2021-12-13,54.20000076293945,0.0
2021-12-14,52.84999847412109,0.0
2021-12-15,53.09999847412109,0.0
2021-12-16,54.5,0.0
2021-12-17,54.25,0.0
2021-12-20,53.34999847412109,0.0
2021-12-21,54.54999923706055,0.0
2021-12-22,54.59999847412109,0.0
2021-12-23,55.29999923706055,0.0
2021-12-24,55.45000076293945,0.0
2021-12-27,56.20000076293945,0.0
2021-12-28,56.900001525878906,0.0
2021-12-29,57.400001525878906,0.0
2021-12-30,57.09999847412109,0.0
2022-01-03,57.34999847412109,0.0
2022-01-04,59.0,0.0
2022-01-05,58.54999923706055,0.0
2022-01-06,57.79999923706055,0.0
2022-01-07,56.75,0.0
2022-01-10,57.20000076293945,0.0
2022-01-11,57.20000076293945,0.0
2022-01-12,57.900001525878906,0.0
2022-01-13,58.5,0.0
2022-01-14,58.0,0.0
2022-01-17,59.04999923706055,0.0
2022-01-18,58.25,0.0
2022-01-19,57.04999923706055,0.0
2022-01-20,57.45000076293945,0.0
2022-01-21,55.150001525878906,0.0
2022-01-24,55.650001525878906,0.0
2022-01-25,53.900001525878906,0.0
2022-01-26,53.59999847412109,0.0
2022-02-07,55.20000076293945,0.0
2022-02-08,55.79999923706055,0.0
2022-02-09,56.84999847412109,0.0
2022-02-10,57.84999847412109,0.0
2022-02-11,57.5,0.0
2022-02-14,55.79999923706055,0.0
2022-02-15,55.5,0.0
2022-02-16,57.25,0.0
2022-02-17,57.45000076293945,0.0
2022-02-18,57.45000076293945,0.0
2022-02-21,57.34999847412109,0.0
2022-02-22,55.5,0.0
2022-02-23,56.20000076293945,0.0
2022-02-24,53.25,0.0
2022-02-25,53.29999923706055,0.0
2022-03-01,55.34999847412109,0.0
2022-03-02,55.0,0.0
2022-03-03,55.29999923706055,0.0
2022-03-04,54.04999923706055,0.0
2022-03-07,50.400001525878906,0.0
2022-03-08,48.310001373291016,0.0
2022-03-09,49.560001373291016,0.0
2022-03-10,52.150001525878906,0.0
2022-03-11,50.900001525878906,0.0
2022-03-14,51.150001525878906,0.0
2022-03-15,49.09000015258789,0.0
2022-03-16,49.43999862670898,0.0
2022-03-17,52.54999923706055,0.0
2022-03-18,52.09999847412109,0.0
2022-03-21,52.650001525878906,0.0
2022-03-22,52.900001525878906,0.0
2022-03-23,54.04999923706055,0.0
2022-03-24,53.79999923706055,0.0
2022-03-25,53.54999923706055,0.0
2022-03-28,52.650001525878906,0.0
2022-03-29,52.84999847412109,0.0
2022-03-30,54.150001525878906,0.0
2022-03-31,53.59999847412109,0.0
2022-04-01,53.0,0.0
2022-04-06,52.59999847412109,0.0
2022-04-07,50.5,0.0
2022-04-08,51.400001525878906,0.0
2022-04-11,49.709999084472656,0.0
2022-04-12,49.7400016784668,0.0
2022-04-13,51.400001525878906,0.0
2022-04-14,51.29999923706055,0.0
2022-04-15,49.54999923706055,0.0
2022-04-18,48.91999816894531,0.0
2022-04-19,49.790000915527344,0.0
2022-04-20,50.20000076293945,0.0
2022-04-21,50.45000076293945,0.0
2022-04-22,49.81999969482422,0.0
2022-04-25,47.29999923706055,0.0
2022-04-26,47.310001373291016,0.0
2022-04-27,45.63999938964844,0.0
2022-04-28,46.18999862670898,0.0
2022-04-29,47.220001220703125,0.0
2022-05-03,46.7599983215332,0.0
2022-05-04,46.959999084472656,0.0
2022-05-05,47.90999984741211,0.0
2022-05-06,46.040000915527344,0.0
2022-05-09,44.150001525878906,0.0
2022-05-10,44.220001220703125,0.0
2022-05-11,44.09000015258789,0.0
2022-05-12,41.95000076293945,0.0
2022-05-13,43.08000183105469,0.0
2022-05-16,43.5099983215332,0.0
2022-05-17,44.43000030517578,0.0
2022-05-18,45.34000015258789,0.0
2022-05-19,43.9900016784668,0.0
2022-05-20,44.81999969482422,0.0
2022-05-23,45.0099983215332,0.0
2022-05-24,43.880001068115234,0.0
2022-05-25,44.7400016784668,0.0
2022-05-26,43.93999862670898,0.0
2022-05-27,45.5,0.0
2022-05-30,47.40999984741211,0.0
2022-05-31,48.0,0.0
2022-06-01,47.77999877929688,0.0
2022-06-02,47.119998931884766,0.0
2022-06-06,47.52000045776367,0.0
2022-06-07,46.70000076293945,0.0
2022-06-08,47.68000030517578,0.0
2022-06-09,47.43999862670898,0.0
2022-06-10,46.75,0.0
2022-06-13,44.400001525878906,0.0
2022-06-14,44.41999816894531,0.0
2022-06-15,43.95000076293945,0.0
2022-06-16,43.25,0.0
2022-06-17,42.119998931884766,0.0
2022-06-20,40.869998931884766,0.0
2022-06-21,42.93999862670898,0.0
2022-06-22,41.060001373291016,0.0
2022-06-23,40.400001525878906,0.0
2022-06-24,40.959999084472656,0.0
2022-06-27,42.540000915527344,0.0
2022-06-28,41.83000183105469,0.0
2022-06-29,41.06999969482422,0.0
2022-06-30,38.810001373291016,0.0
2022-07-01,36.47999954223633,0.0
2022-07-04,36.150001525878906,0.0
2022-07-05,36.68999862670898,0.0
2022-07-06,35.02000045776367,0.0
2022-07-07,36.72999954223633,0.0
2022-07-08,37.470001220703125,0.0
2022-07-11,36.900001525878906,0.0
2022-07-12,35.0,0.0
2022-07-13,36.880001068115234,0.0
2022-07-14,37.40999984741211,0.0
2022-07-15,38.0,0.0
2022-07-18,38.66999816894531,0.0
2022-07-19,38.88999938964844,0.0
2022-07-20,39.27000045776367,0.0
2022-07-21,40.16999816894531,0.0
2022-07-22,40.209999084472656,0.0
2022-07-25,40.36000061035156,0.0
2022-07-26,39.79999923706055,0.0
2022-07-27,40.310001373291016,0.0
2022-07-28,40.369998931884766,0.0
2022-07-29,40.970001220703125,0.0
2022-08-01,40.900001525878906,0.0
2022-08-02,39.52999877929688,0.0
2022-08-03,39.65999984741211,0.0
2022-08-04,39.540000915527344,0.0
2022-08-05,41.5,0.0
2022-08-08,41.27000045776367,0.0
2022-08-09,41.43000030517578,0.0
2022-08-10,40.84000015258789,0.0
2022-08-11,42.34999847412109,0.0
2022-08-12,43.02000045776367,0.0
2022-08-15,43.65999984741211,0.0
2022-08-16,43.709999084472656,0.0
2022-08-17,43.77999877929688,0.0
2022-08-18,43.43000030517578,0.0
2022-08-19,43.68000030517578,0.0
2022-08-22,42.90999984741211,0.0
2022-08-23,41.900001525878906,0.0
2022-08-24,41.790000915527344,0.0
2022-08-25,42.65999984741211,0.0
2022-08-26,43.06999969482422,0.0
2022-08-29,40.84999847412109,0.0
2022-08-30,41.34999847412109,0.0
2022-08-31,41.93999862670898,0.0
2022-09-01,40.18999862670898,0.0
2022-09-02,39.52999877929688,0.0
2022-09-05,39.52999877929688,0.0
2022-09-06,39.630001068115234,0.0
2022-09-07,38.04999923706055,0.0
2022-09-08,38.97999954223633,0.0
2022-09-12,40.43999862670898,0.0
2022-09-13,40.86000061035156,0.0
2022-09-14,39.369998931884766,0.0
2022-09-15,39.650001525878906,0.0
2022-09-16,38.869998931884766,0.0
2022-09-19,38.5099983215332,0.0
2022-09-20,39.13999938964844,0.0
2022-09-21,38.59999847412109,0.0
2022-09-22,37.58000183105469,0.0
2022-09-23,36.97999954223633,0.0
2022-09-26,35.099998474121094,0.0
2022-09-27,35.40999984741211,0.0
2022-09-28,33.7599983215332,0.0
2022-09-29,33.9900016784668,0.0
2022-09-30,33.290000915527344,0.0
2022-10-03,32.689998626708984,0.0
2022-10-04,34.22999954223633,0.0
2022-10-05,35.209999084472656,0.0
2022-10-06,35.58000183105469,0.0
2022-10-07,34.72999954223633,0.0
2022-10-11,31.709999084472656,0.0
2022-10-12,31.600000381469727,0.0
2022-10-13,30.299999237060547,0.0
2022-10-14,31.93000030517578,0.0
2022-10-17,31.059999465942383,0.0
2022-10-18,31.75,0.0
2022-10-19,31.25,0.0
2022-10-20,30.799999237060547,0.0
2022-10-21,30.39999961853028,0.0
2022-10-24,30.690000534057617,0.0
2022-10-25,29.8700008392334,0.0
2022-10-26,30.09000015258789,0.0
2022-10-27,30.940000534057617,0.0
2022-10-28,30.13999938964844,0.0
2022-10-31,30.93000030517578,0.0
2022-11-01,31.39999961853028,0.0
2022-11-02,31.700000762939453,0.0
2022-11-03,31.13999938964844,0.0
2022-11-04,31.420000076293945,0.0
2022-11-07,32.349998474121094,0.0
2022-11-08,32.81999969482422,0.0
2022-11-09,34.119998931884766,0.0
2022-11-10,33.72999954223633,0.0
2022-11-11,36.29999923706055,0.0
2022-11-14,36.90999984741211,0.0
2022-11-15,39.0099983215332,0.0
2022-11-16,39.11000061035156,0.0
2022-11-17,39.2599983215332,0.0
2022-11-18,38.95000076293945,0.0
2022-11-21,38.709999084472656,0.0
2022-11-22,39.08000183105469,0.0
2022-11-23,39.68000030517578,0.0
2022-11-24,40.59999847412109,0.0
2022-11-25,40.27000045776367,0.0
2022-11-28,39.18999862670898,0.0
2022-11-29,39.970001220703125,0.0
2022-11-30,40.81999969482422,0.0
2022-12-01,41.77000045776367,0.0
2022-12-02,41.27999877929688,0.0
2022-12-05,41.43000030517578,0.0
2022-12-06,40.15999984741211,0.0
2022-12-07,39.70000076293945,0.0
2022-12-08,39.119998931884766,0.0
2022-12-09,40.09999847412109,0.0
2022-12-12,39.459999084472656,0.0
2022-12-13,39.2599983215332,0.0
2022-12-14,40.25,0.0
2022-12-15,40.34000015258789,0.0
2022-12-16,38.91999816894531,0.0
2022-12-19,38.56999969482422,0.0
2022-12-20,37.09999847412109,0.0
2022-12-21,37.38999938964844,0.0
2022-12-22,38.58000183105469,0.0
2022-12-23,37.58000183105469,0.0
2022-12-26,37.84000015258789,0.0
2022-12-27,38.15999984741211,0.0
2022-12-28,37.09999847412109,0.0
2022-12-29,36.81999969482422,0.0
2022-12-30,37.31999969482422,0.0
2023-01-03,37.709999084472656,0.0
2023-01-04,37.709999084472656,0.0
2023-01-05,37.90999984741211,0.0
2023-01-06,38.45000076293945,0.0
2023-01-09,40.47999954223633,0.0
2023-01-10,40.900001525878906,0.0
2023-01-11,40.68999862670898,0.0
2023-01-12,40.4900016784668,0.0
2023-01-13,41.0,0.0
2023-01-16,41.45000076293945,0.0
2023-01-17,41.54999923706055,0.0
2023-01-30,44.38999938964844,0.0
2023-01-31,43.63999938964844,0.0
2023-02-01,44.130001068115234,0.0
2023-02-02,45.36000061035156,0.0
2023-02-03,45.29999923706055,0.0
2023-02-06,44.2400016784668,0.0
2023-02-07,44.29999923706055,0.0
2023-02-08,45.38999938964844,0.0
2023-02-09,45.34999847412109,0.0
2023-02-10,45.15999984741211,0.0
2023-02-13,44.91999816894531,0.0
2023-02-14,45.68999862670898,0.0
2023-02-15,44.11000061035156,0.0
2023-02-16,45.18999862670898,0.0
2023-02-17,44.5,0.0
2023-02-20,44.880001068115234,0.0
2023-02-21,44.959999084472656,0.0
2023-02-22,44.150001525878906,0.0
2023-02-23,45.43000030517578,0.0
2023-02-24,45.02000045776367,0.0
2023-03-01,45.09999847412109,0.0
2023-03-02,45.150001525878906,0.0
2023-03-03,45.459999084472656,0.0
2023-03-06,46.40999984741211,0.0
2023-03-07,47.060001373291016,0.0
2023-03-08,46.560001373291016,0.0
2023-03-09,46.36000061035156,0.0
2023-03-10,44.7400016784668,0.0
2023-03-13,44.95000076293945,0.0
2023-03-14,43.9900016784668,0.0
2023-03-15,44.18999862670898,0.0
2023-03-16,43.38999938964844,0.0
2023-03-17,44.58000183105469,0.0
2023-03-20,44.41999816894531,0.0
2023-03-21,44.900001525878906,0.0
2023-03-22,46.369998931884766,0.0
2023-03-23,47.0,0.0
2023-03-24,47.4900016784668,0.0
2023-03-27,47.040000915527344,0.0
2023-03-28,46.150001525878906,0.0
2023-03-29,46.459999084472656,0.0
2023-03-30,46.97999954223633,0.0
2023-03-31,47.29999923706055,0.0
2023-04-06,46.68999862670898,0.0
2023-04-07,47.02999877929688,0.0
2023-04-10,47.29999923706055,0.0
2023-04-11,47.59000015258789,0.0
2023-04-12,47.650001525878906,0.0
2023-04-13,46.95000076293945,0.0
2023-04-14,47.86000061035156,0.0
2023-04-17,47.77999877929688,0.0
2023-04-18,47.36000061035156,0.0
2023-04-19,46.90999984741211,0.0
2023-04-20,46.5,0.0
2023-04-21,45.900001525878906,0.0
2023-04-24,45.97999954223633,0.0
2023-04-25,44.52000045776367,0.0
2023-04-26,44.540000915527344,0.0
2023-04-27,44.709999084472656,0.0
2023-04-28,45.59999847412109,0.0
2023-05-02,45.93000030517578,0.0
2023-05-03,45.58000183105469,0.0
2023-05-04,45.77000045776367,0.0
2023-05-05,46.02000045776367,0.0
2023-05-08,46.4900016784668,0.0
2023-05-09,46.5,0.0
2023-05-10,45.880001068115234,0.0
2023-05-11,45.33000183105469,0.0
2023-05-12,45.34999847412109,0.0
2023-05-15,45.2599983215332,0.0
2023-05-16,46.29999923706055,0.0
2023-05-17,47.70000076293945,0.0
2023-05-18,48.84999847412109,0.0
2023-05-19,49.150001525878906,0.0
2023-05-22,49.13999938964844,0.0
2023-05-23,49.27999877929688,0.0
2023-05-24,48.88999938964844,0.0
2023-05-25,49.650001525878906,0.0
2023-05-26,51.04999923706055,0.0
2023-05-29,51.900001525878906,0.0
2023-05-30,52.0,0.0
2023-05-31,51.75,0.0
2023-06-01,51.400001525878906,0.0
2023-06-02,52.75,0.0
2023-06-05,52.59999847412109,0.0
2023-06-06,52.95000076293945,0.0
2023-06-07,54.0,0.0
2023-06-08,52.79999923706055,0.0
2023-06-09,53.75,0.0
2023-06-12,54.29999923706055,0.0
2023-06-13,56.09999847412109,0.0
2023-06-14,56.09999847412109,0.0
2023-06-15,56.75,0.0
2023-06-16,56.5,0.0
2023-06-19,56.29999923706055,0.0
2023-06-20,55.75,0.0
2023-06-21,55.84999847412109,0.0
2023-06-26,54.95000076293945,0.0
2023-06-27,54.09999847412109,0.0
2023-06-28,54.25,0.0
2023-06-29,54.34999847412109,0.0
2023-06-30,54.650001525878906,0.0
2023-07-03,56.04999923706055,0.0
2023-07-04,56.54999923706055,0.0
2023-07-05,55.900001525878906,0.0
2023-07-06,53.95000076293945,0.0
2023-07-07,53.34999847412109,0.0
2023-07-10,53.25,0.0
2023-07-11,54.75,0.0
2023-07-12,55.09999847412109,0.0
2023-07-13,56.29999923706055,0.0
2023-07-14,57.54999923706055,0.0
2023-07-17,57.5,0.0
2023-07-18,57.09999847412109,0.0
2023-07-19,56.400001525878906,0.0
2023-07-20,56.70000076293945,0.0
2023-07-21,55.70000076293945,0.0
2023-07-24,55.95000076293945,0.0
2023-07-25,57.20000076293945,0.0
2023-07-26,56.70000076293945,0.0
2023-07-27,57.59999847412109,0.0
2023-07-28,57.70000076293945,0.0
2023-07-31,56.59999847412109,0.0
2023-08-01,57.25,0.0
2023-08-02,55.0,0.0
2023-08-04,54.900001525878906,0.0
2023-08-07,56.150001525878906,0.0
2023-08-08,55.0,0.0
2023-08-09,55.0,0.0
2023-08-10,53.70000076293945,0.0
2023-08-11,53.59999847412109,0.0
2023-08-14,51.95000076293945,0.0
2023-08-15,52.5,0.0
2023-08-16,52.04999923706055,0.0
2023-08-17,52.79999923706055,0.0
2023-08-18,51.95000076293945,0.0
2023-08-21,51.84999847412109,0.0
2023-08-22,52.400001525878906,0.0
2023-08-23,53.20000076293945,0.0
2023-08-24,54.5,0.0
2023-08-25,52.5,0.0
2023-08-28,52.84999847412109,0.0
2023-08-29,53.650001525878906,0.0
2023-08-30,54.29999923706055,0.0
2023-08-31,53.75,0.0
2023-09-01,53.95000076293945,0.0
2023-09-04,54.54999923706055,0.0
2023-09-05,54.59999847412109,0.0
2023-09-06,54.29999923706055,0.0
2023-09-07,53.29999923706055,0.0
2023-09-08,53.20000076293945,0.0
2023-09-11,52.34999847412109,0.0
2023-09-12,53.25,0.0
2023-09-13,53.25,0.0
2023-09-14,55.0,0.0
2023-09-15,55.45000076293945,0.0
2023-09-18,54.150001525878906,0.0
2023-09-19,53.70000076293945,0.0
2023-09-20,53.150001525878906,0.0
2023-09-21,51.45000076293945,0.0
2023-09-22,51.70000076293945,0.0
2023-09-25,52.45000076293945,0.0
2023-09-26,51.29999923706055,0.0
2023-09-27,51.45000076293945,0.0
2023-09-28,51.79999923706055,0.0
2023-10-02,53.09999847412109,0.0
2023-10-03,52.25,0.0
2023-10-04,51.25,0.0
2023-10-05,52.45000076293945,0.0
2023-10-06,52.75,0.0
2023-10-11,53.900001525878906,0.0
2023-10-12,54.75,0.0
2023-10-13,54.29999923706055,0.0
2023-10-16,53.650001525878906,0.0
2023-10-17,53.45000076293945,0.0
2023-10-18,52.25,0.0
2023-10-19,52.25,0.0
2023-10-20,52.0,0.0
2023-10-23,51.04999923706055,0.0
2023-10-24,51.45000076293945,0.0
2023-10-25,51.75,0.0
2023-10-26,49.68000030517578,0.0
2023-10-27,50.25,0.0
2023-10-30,50.25,0.0
2023-10-31,49.25,0.0
2023-11-01,49.720001220703125,0.0
2023-11-02,51.650001525878906,0.0
2023-11-03,52.400001525878906,0.0
2023-11-06,53.5,0.0
2023-11-07,53.5,0.0
2023-11-08,54.0,0.0
2023-11-09,54.04999923706055,0.0
2023-11-10,53.54999923706055,0.0
2023-11-13,54.75,0.0
2023-11-14,55.150001525878906,0.0
2023-11-15,56.45000076293945,0.0
2023-11-16,56.54999923706055,0.0
2023-11-17,56.900001525878906,0.0
2023-11-20,56.79999923706055,0.0
2023-11-21,58.150001525878906,0.0
2023-11-22,57.34999847412109,0.0
2023-11-23,57.34999847412109,0.0
2023-11-24,57.34999847412109,0.0
2023-11-27,56.400001525878906,0.0
2023-11-28,57.75,0.0
2023-11-29,57.70000076293945,0.0
2023-11-30,58.0,0.0
2023-12-01,58.25,0.0
2023-12-04,58.29999923706055,0.0
2023-12-05,57.5,0.0
2023-12-06,57.900001525878906,0.0
2023-12-07,57.20000076293945,0.0
2023-12-08,57.900001525878906,0.0
2023-12-11,58.150001525878906,0.0
2023-12-12,58.45000076293945,0.0
2023-12-13,58.5,0.0
2023-12-14,59.84999847412109,0.0
2023-12-15,60.09999847412109,0.0
2023-12-18,59.84999847412109,0.0
2023-12-19,59.20000076293945,0.0
2023-12-20,59.900001525878906,0.0
2023-12-21,59.0,0.0
2023-12-22,59.20000076293945,0.0
2023-12-25,59.54999923706055,0.0
2023-12-26,60.34999847412109,0.0
2023-12-27,61.150001525878906,0.0
2023-12-28,61.09999847412109,0.0
2023-12-29,61.29999923706055,0.0
2024-01-02,60.70000076293945,0.0
2024-01-03,59.04999923706055,0.0
2024-01-04,58.95000076293945,0.0
2024-01-05,58.75,0.0
2024-01-08,59.34999847412109,0.0
2024-01-09,59.20000076293945,0.0
2024-01-10,58.54999923706055,0.0
2024-01-11,59.29999923706055,0.0
2024-01-12,58.84999847412109,0.0
2024-01-15,59.29999923706055,0.0
2024-01-16,57.95000076293945,0.0
2024-01-17,57.29999923706055,0.0
2024-01-18,57.150001525878906,0.0
2024-01-19,59.84999847412109,0.0
2024-01-22,60.70000076293945,0.0
2024-01-23,61.20000076293945,0.0
2024-01-24,61.150001525878906,0.0
2024-01-25,61.84999847412109,0.0
2024-01-26,61.75,0.0
2024-01-29,62.75,0.0
2024-01-30,62.650001525878906,0.0
2024-01-31,61.34999847412109,0.0
2024-02-01,61.79999923706055,0.0
2024-02-02,62.59999847412109,0.0
2024-02-05,62.70000076293945,0.0
2024-02-15,66.5999984741211,0.0
2024-02-16,66.5,0.0
2024-02-19,66.5999984741211,0.0
2024-02-20,67.0999984741211,0.0
2024-02-21,66.6500015258789,0.0
2024-02-22,68.0999984741211,0.0
2024-02-23,68.30000305175781,0.0
2024-02-26,68.80000305175781,0.0
2024-02-27,68.0,0.0
2024-02-29,68.6500015258789,0.0
2024-03-01,68.6500015258789,0.0
2024-03-04,71.0999984741211,0.0
2024-03-05,71.8499984741211,0.0
2024-03-06,72.5,0.0
2024-03-07,74.1500015258789,0.0
2024-03-08,74.6500015258789,0.0
2024-03-11,74.19999694824219,0.0
2024-03-12,75.9000015258789,0.0
2024-03-13,75.8499984741211,0.0
2024-03-14,75.69999694824219,0.0
2024-03-15,74.5,0.0
2024-03-18,75.69999694824219,0.0
2024-03-19,75.44999694824219,0.0
2024-03-20,74.8499984741211,0.0
2024-03-21,78.0,0.0
2024-03-22,77.9000015258789,0.0
2024-03-25,78.0,0.0
2024-03-26,77.5999984741211,0.0
2024-03-27,78.05000305175781,0.0
2024-03-28,77.69999694824219,0.0
2024-03-29,78.0999984741211,0.0
2024-04-01,78.30000305175781,0.0
2024-04-02,80.0,0.0
2024-04-03,79.0,0.0
2024-04-08,79.69999694824219,0.0
2024-04-09,82.8499984741211,0.0
2024-04-10,82.5999984741211,0.0
2024-04-11,81.9000015258789,0.0
2024-04-12,81.94999694824219,0.0
2024-04-15,80.05000305175781,0.0
2024-04-16,75.55000305175781,0.0
2024-04-17,77.19999694824219,0.0
2024-04-18,78.0999984741211,0.0
2024-04-19,72.25,0.0
2024-04-22,71.8499984741211,0.0
2024-04-23,73.1500015258789,0.0
2024-04-24,76.8499984741211,0.0
2024-04-25,74.5999984741211,0.0
2024-04-26,76.69999694824219,0.0
2024-04-29,79.44999694824219,0.0
2024-04-30,78.94999694824219,0.0
2024-05-02,77.75,0.0
2024-05-03,78.1500015258789,0.0
2024-05-06,79.94999694824219,0.0
2024-05-07,80.3499984741211,0.0
2024-05-08,80.9000015258789,0.0
2024-05-09,80.19999694824219,0.0
2024-05-10,81.44999694824219,0.0
2024-05-13,82.0999984741211,0.0
2024-05-14,83.1500015258789,0.0
2024-05-15,84.75,0.0
2024-05-16,85.9000015258789,0.0
2024-05-17,85.69999694824219,0.0
2024-05-20,85.5999984741211,0.0
2024-05-21,85.3499984741211,0.0
2024-05-22,87.75,0.0
2024-05-23,87.9000015258789,0.0
2024-05-24,87.80000305175781,0.0
2024-05-27,90.05000305175781,0.0
2024-05-28,90.9000015258789,0.0
2024-05-29,89.0999984741211,0.0
2024-05-30,86.1500015258789,0.0
2024-05-31,85.30000305175781,0.0
2024-06-03,88.19999694824219,0.0
2024-06-04,85.80000305175781,0.0
2024-06-05,86.5999984741211,0.0
2024-06-06,90.1500015258789,0.0
2024-06-07,89.80000305175781,0.0
2024-06-11,89.5,0.0
2024-06-12,91.4499969482422,0.0
2024-06-13,93.6999969482422,0.0
2024-06-14,95.0,0.0
2024-06-17,95.0,0.0
2024-06-18,97.75,0.0
2024-06-19,101.5999984741211,0.0
2024-06-20,103.5999984741211,0.0
2024-06-21,102.5,0.0
2024-06-24,98.25,0.0
2024-06-25,98.5,0.0
2024-06-26,99.4000015258789,0.0
2024-06-27,98.8000030517578,0.0
2024-06-28,100.4000015258789,0.0
2024-07-01,100.4499969482422,0.0
2024-07-02,98.9499969482422,0.0
2024-07-03,101.6999969482422,0.0
2024-07-04,105.9000015258789,0.0
2024-07-05,105.3499984741211,0.0
2024-07-08,108.6500015258789,0.0
2024-07-09,108.0999984741211,0.0
2024-07-10,109.3000030517578,0.0
2024-07-11,112.5,0.0
2024-07-12,107.6500015258789,0.0
2024-07-15,107.75,0.0
2024-07-16,108.75,0.0
2024-07-17,107.4499969482422,0.0
2024-07-18,103.6500015258789,0.0
2024-07-19,99.3499984741211,0.0
2024-07-22,94.9000015258789,0.0
2024-07-23,99.0,0.0
2024-07-26,92.5500030517578,0.0
2024-07-29,93.25,0.0
2024-07-30,93.5999984741211,0.0
2024-07-31,93.5500030517578,0.0
2024-08-01,96.9499969482422,0.0
2024-08-02,88.0999984741211,0.0
2024-08-05,71.5,0.0
2024-08-06,77.5999984741211,0.0
2024-08-07,83.55000305175781,0.0
2024-08-08,80.19999694824219,0.0
2024-08-09,84.8499984741211,0.0
2024-08-12,86.94999694824219,0.0
2024-08-13,87.4000015258789,0.0
2024-08-14,89.30000305175781,0.0
2024-08-15,88.5999984741211,0.0
2024-08-16,92.3000030517578,0.0
2024-08-19,92.25,0.0
2024-08-20,92.5999984741211,0.0
2024-08-21,91.4000015258789,0.0
2024-08-22,90.3000030517578,0.0
2024-08-23,90.6999969482422,0.0
2024-08-26,91.0500030517578,0.0
2024-08-27,91.0,0.0
2024-08-28,92.8000030517578,0.0
2024-08-29,91.0999984741211,0.0
2024-08-30,91.9499969482422,0.0
2024-09-02,91.1999969482422,0.0
2024-09-03,90.1999969482422,0.0
2024-09-04,81.75,0.0
2024-09-05,82.3499984741211,0.0
2024-09-06,84.19999694824219,0.0
2024-09-09,82.0999984741211,0.0
2024-09-10,81.69999694824219,0.0
2024-09-11,81.1500015258789,0.0
2024-09-12,86.80000305175781,0.0
2024-09-13,87.3499984741211,0.0
2024-09-16,87.80000305175781,0.0
2024-09-18,86.4000015258789,0.0
2024-09-19,89.4000015258789,0.0
2024-09-20,90.5,0.0
2024-09-23,91.75,0.0
2024-09-24,92.8499984741211,0.0
2024-09-25,95.5999984741211,0.0
2024-09-26,96.5999984741211,0.0
2024-09-27,96.5999984741211,0.0
2024-09-30,91.6999969482422,0.0
2024-10-01,92.0500030517578,0.0
2024-10-04,91.3499984741211,0.0
2024-10-07,95.3000030517578,0.0
2024-10-08,93.5,0.0
2024-10-09,94.4499969482422,0.0
2024-10-11,96.4499969482422,0.0
2024-10-14,97.0999984741211,0.0
2024-10-15,99.5500030517578,0.0
2024-10-16,97.0999984741211,0.0
2024-10-17,97.9499969482422,0.0
2024-10-18,101.3499984741211,0.0
2024-10-21,101.4499969482422,0.0
2024-10-22,101.25,0.0
2024-10-23,99.8499984741211,0.0
2024-10-24,98.5500030517578,0.0
2024-10-25,100.0999984741211,0.0
2024-10-28,99.4000015258789,0.0
2024-10-29,95.9000015258789,0.0
2024-10-30,95.6999969482422,0.0
2024-11-01,94.5999984741211,0.0
2024-11-04,96.4499969482422,0.0
2024-11-05,97.0999984741211,0.0
2024-11-06,98.5500030517578,0.0
2024-11-07,100.4499969482422,0.0
2024-11-08,101.5999984741211,0.0
2024-11-11,101.3000030517578,0.0
2024-11-12,95.8000030517578,0.0
2024-11-13,95.4000015258789,0.0
2024-11-14,93.8000030517578,0.0
2024-11-15,95.0500030517578,0.0
2024-11-18,92.8499984741211,0.0
2024-11-19,95.1999969482422,0.0
2024-11-20,94.3499984741211,0.0
2024-11-21,92.9499969482422,0.0
2024-11-22,95.9000015258789,0.0
2024-11-25,96.0500030517578,0.0
2024-11-26,93.1999969482422,0.0
2024-11-27,90.6500015258789,0.0
2024-11-28,90.05000305175781,0.0
2024-11-29,90.5,0.0
2024-12-02,94.1500015258789,0.0
2024-12-03,96.0999984741211,0.0
2024-12-04,97.8000030517578,0.0
2024-12-05,97.8499984741211,0.0
2024-12-06,97.3499984741211,0.0
2024-12-09,97.5,0.0
2024-12-10,96.3000030517578,0.0
2024-12-11,94.6999969482422,0.0
2024-12-12,96.3000030517578,0.0
2024-12-13,95.9000015258789,0.0
2024-12-16,95.3000030517578,0.0
2024-12-17,96.3499984741211,0.0
2024-12-18,96.4499969482422,0.0
2024-12-19,94.4000015258789,0.0
2024-12-20,92.5500030517578,0.0
2024-12-23,96.75,0.0
2024-12-24,96.9499969482422,0.0
2024-12-25,97.8499984741211,0.0
2024-12-26,97.75,0.0
2024-12-27,98.1999969482422,0.0
2024-12-30,96.5999984741211,0.0
2024-12-31,95.8000030517578,0.0
2025-01-02,93.6999969482422,0.0
2025-01-03,94.9499969482422,0.0
2025-01-06,100.0,0.0
2025-01-07,101.25,0.0
2025-01-08,99.0500030517578,0.0
2025-01-09,96.0500030517578,0.0
2025-01-10,95.6999969482422,0.0
2025-01-13,91.3000030517578,0.0
2025-01-14,92.6999969482422,0.0
2025-01-15,91.0999984741211,0.0
2025-01-16,94.6999969482422,0.0
2025-01-17,95.4499969482422,0.0
2025-01-20,97.1999969482422,0.0
2025-01-21,97.4499969482422,0.0
2025-01-22,99.9499969482422,0.0
2025-02-03,91.75,0.0
2025-02-04,91.9000015258789,0.0
2025-02-05,95.5,0.0
2025-02-06,96.0999984741211,0.0
2025-02-07,97.5,0.0
2025-02-10,96.0,0.0
2025-02-11,96.8000030517578,0.0
2025-02-12,96.5500030517578,0.0
2025-02-13,97.1500015258789,0.0
2025-02-14,95.3000030517578,0.0
2025-02-17,98.0999984741211,0.0
2025-02-18,99.0500030517578,0.0
2025-02-19,98.6999969482422,0.0
2025-02-20,98.1500015258789,0.0
2025-02-21,99.8499984741211,0.0
2025-02-24,98.4499969482422,0.0
2025-02-25,96.3000030517578,0.0
2025-02-26,97.0999984741211,0.0
2025-02-27,95.3499984741211,0.0
2025-03-03,91.6500015258789,0.0
2025-03-04,90.75,0.0
2025-03-05,92.9000015258789,0.0
2025-03-06,91.8000030517578,0.0
2025-03-07,90.0999984741211,0.0
2025-03-10,89.3499984741211,0.0
2025-03-11,86.0999984741211,0.0
2025-03-12,87.05000305175781,0.0
2025-03-13,85.5,0.0
2025-03-14,85.44999694824219,0.0
2025-03-17,86.69999694824219,0.0
2025-03-18,87.55000305175781,0.0
2025-03-19,85.94999694824219,0.0
2025-03-20,88.5999984741211,0.0
2025-03-21,87.0999984741211,0.0
2025-03-24,86.55000305175781,0.0
2025-03-25,87.8499984741211,0.0
2025-03-26,88.0999984741211,0.0
2025-03-27,85.19999694824219,0.0
2025-03-28,82.30000305175781,0.0
2025-03-31,76.19999694824219,0.0
2025-04-01,79.5999984741211,0.0
2025-04-02,79.80000305175781,0.0
2025-04-07,63.84999847412109,0.0
2025-04-08,56.45000076293945,0.0
2025-04-09,50.34999847412109,0.0
2025-04-10,60.400001525878906,0.0
2025-04-11,63.5,0.0
2025-04-14,63.54999923706055,0.0
2025-04-15,65.6500015258789,0.0
2025-04-16,63.0,0.0
2025-04-17,62.59999847412109,0.0
2025-04-18,62.70000076293945,0.0
2025-04-21,60.79999923706055,0.0
2025-04-22,59.20000076293945,0.0
2025-04-23,64.0,0.0
2025-04-24,63.20000076293945,0.0
2025-04-25,65.9000015258789,0.0
2025-04-28,66.69999694824219,0.0
2025-04-29,68.0999984741211,0.0
2025-04-30,67.9000015258789,0.0
2025-05-02,71.5999984741211,0.0
2025-05-05,69.5999984741211,0.0
2025-05-06,69.25,0.0
2025-05-07,69.4000015258789,0.0
2025-05-08,70.94999694824219,0.0
2025-05-09,72.6500015258789,0.0
2025-05-12,74.19999694824219,0.0
2025-05-13,75.9000015258789,0.0
2025-05-14,79.0999984741211,0.0
2025-05-15,78.69999694824219,0.0
2025-05-16,79.55000305175781,0.0
2025-05-19,77.1500015258789,0.0
2025-05-20,77.44999694824219,0.0
2025-05-21,79.3499984741211,0.0
2025-05-22,77.69999694824219,0.0
2025-05-23,77.3499984741211,0.0
2025-05-26,76.94999694824219,0.0
2025-05-27,75.6500015258789,0.0
2025-05-28,75.8499984741211,0.0
2025-05-29,76.4000015258789,0.0
2025-06-02,73.05000305175781,0.0
2025-06-03,73.94999694824219,0.0
2025-06-04,77.80000305175781,0.0
2025-06-05,77.94999694824219,0.0
2025-06-06,78.30000305175781,0.0
2025-06-09,79.1500015258789,0.0
2025-06-10,82.25,0.0
2025-06-11,83.6500015258789,0.0
2025-06-12,83.1500015258789,0.0
2025-06-13,81.19999694824219,0.0
2025-06-16,81.69999694824219,0.0
2025-06-17,82.05000305175781,0.0
2025-06-18,83.25,0.0
2025-06-19,81.6500015258789,0.0
2025-06-20,81.19999694824219,0.0
2025-06-23,79.9000015258789,0.0
2025-06-24,83.3499984741211,0.0
2025-06-25,85.0,0.0
2025-06-26,84.55000305175781,0.0
2025-06-27,84.4000015258789,0.0
2025-06-30,84.9000015258789,0.0
2025-07-01,86.55000305175781,0.0
2025-07-02,86.69999694824219,0.0
2025-07-03,89.0999984741211,0.0
2025-07-04,87.30000305175781,0.0
2025-07-07,86.0999984741211,0.0
2025-07-08,85.55000305175781,0.0
2025-07-09,87.19999694824219,0.0
2025-07-10,88.30000305175781,0.0
2025-07-11,89.5,0.0
2025-07-14,87.8499984741211,0.0
2025-07-15,90.4000015258789,0.0
2025-07-16,91.9000015258789,0.0
2025-07-17,93.1500015258789,0.0
2025-07-18,95.0999984741211,0.0
2025-07-21,94.4000015258789,0.0
2025-07-22,92.6999969482422,0.0
2025-07-23,94.3000030517578,0.0
2025-07-24,95.25,0.0
2025-07-25,94.75,0.0
2025-07-28,95.6999969482422,0.0
2025-07-29,93.75,0.0
2025-07-30,95.5500030517578,0.0
2025-07-31,97.4499969482422,0.0
2025-08-01,95.6999969482422,0.0
2025-08-04,95.0,0.0
2025-08-05,97.1999969482422,0.0
2025-08-06,96.0500030517578,0.0
2025-08-07,100.6500015258789,0.0
2025-08-08,100.5,0.0
2025-08-11,102.0999984741211,0.0
2025-08-12,102.4000015258789,0.0
2025-08-13,103.5,0.0
2025-08-14,103.25,0.0
2025-08-15,103.4000015258789,0.0
2025-08-18,104.5999984741211,0.0
2025-08-19,103.5999984741211,0.0
2025-08-20,98.25,0.0
2025-08-21,99.9000015258789,0.0
2025-08-22,98.9000015258789,0.0
2025-08-25,103.1999969482422,0.0
2025-08-26,103.0,0.0
2025-08-27,105.0,0.0
2025-08-28,103.0999984741211,0.0
2025-08-29,103.1999969482422,0.0
2025-09-01,100.6500015258789,0.0
2025-09-02,100.4499969482422,0.0
2025-09-03,100.8000030517578,0.0
2025-09-04,102.0,0.0
2025-09-05,104.3499984741211,0.0
2025-09-08,105.8499984741211,0.0
2025-09-09,107.6500015258789,0.0
2025-09-10,111.3000030517578,0.0
2025-09-11,111.3000030517578,0.0
2025-09-12,113.3000030517578,0.0
2025-09-15,112.5,0.0
2025-09-16,114.9499969482422,0.0
2025-09-17,113.5999984741211,0.0
2025-09-18,115.4499969482422,0.0
2025-09-19,115.8000030517578,0.0
2025-09-22,117.3499984741211,0.0
2025-09-23,120.3000030517578,0.0
2025-09-24,120.4000015258789,0.0
2025-09-25,119.4499969482422,0.0
2025-09-26,115.1999969482422,0.0
2025-09-30,118.0999984741211,0.0
2025-10-01,118.75,0.0
2025-10-02,122.0,0.0
2025-10-03,124.6999969482422,0.0
2025-10-07,130.1999969482422,0.0
2025-10-08,128.4499969482422,0.0
2025-10-09,130.5500030517578,0.0
2025-10-13,126.75,0.0
2025-10-14,125.5,0.0
2025-10-15,129.39999389648438,0.0
2025-10-16,134.14999389648438,0.0
2025-10-17,130.1999969482422,0.0
2025-10-20,134.0,0.0
2025-10-21,134.4499969482422,0.0
2025-10-22,133.75,0.0
2025-10-23,132.0500030517578,0.0
2025-10-27,137.9499969482422,0.0
2025-10-28,136.3000030517578,0.0
2025-10-29,139.89999389648438,0.0
2025-10-30,140.0,0.0
2025-10-31,141.14999389648438,0.0
2025-11-03,139.35000610351562,0.0
2025-11-04,137.1999969482422,0.0
2025-11-05,134.3000030517578,0.0
2025-11-06,136.75,0.0
2025-11-07,133.0,0.0
2025-11-10,136.25,0.0
2025-11-11,134.0500030517578,0.0
2025-11-12,136.5500030517578,0.0
2025-11-13,135.75,0.0
2025-11-14,130.10000610351562,0.0
2025-11-17,131.10000610351562,0.0
2025-11-18,125.1999969482422,0.0
2025-11-19,123.4499969482422,0.0
2025-11-20,130.8000030517578,0.0
2025-11-21,121.9499969482422,0.0
2025-11-24,122.4000015258789,0.0
2025-11-25,124.9499969482422,0.0
2025-11-26,129.0500030517578,0.0
2025-11-27,131.5500030517578,0.0
2025-11-28,133.60000610351562,0.0
2025-12-01,130.0,0.0
2025-12-02,131.3000030517578,0.0
2025-12-03,133.10000610351562,0.0
2025-12-04,133.25,0.0
2025-12-05,135.10000610351562,0.0
2025-12-08,137.85000610351562,0.0
2025-12-09,137.5500030517578,0.0
2025-12-10,139.0,0.0
2025-12-11,136.10000610351562,0.0
2025-12-12,138.0,0.0
2025-12-15,134.75,0.0
2025-12-16,132.0500030517578,0.0
2025-12-17,131.1999969482422,0.0
2025-12-18,130.6999969482422,0.0
2025-12-19,133.5500030517578,0.0
2025-12-22,137.4499969482422,0.0
2025-12-23,138.0500030517578,0.0
2025-12-24,138.5,0.0
2025-12-26,140.8000030517578,0.0
2025-12-29,143.4499969482422,0.0
2025-12-30,143.14999389648438,0.0
2025-12-31,144.10000610351562,0.0
2026-01-02,149.0,0.0
2026-01-05,156.85000610351562,0.0
2026-01-06,160.5,0.0
2026-01-07,159.39999389648438,0.0
2026-01-08,159.10000610351562,0.0
2026-01-09,158.60000610351562,0.0
2026-01-12,161.3000030517578,0.0
2026-01-13,162.4499969482422,0.0
2026-01-14,164.1999969482422,0.0
2026-01-15,164.35000610351562,0.0
2026-01-16,169.8000030517578,0.0
2026-01-19,171.85000610351562,0.0
2026-01-20,171.9499969482422,0.0
2026-01-21,168.1999969482422,0.0
2026-01-22,172.39999389648438,0.0
2026-01-23,174.89999389648438,0.0
2026-01-26,175.1999969482422,0.0
2026-01-27,179.1999969482422,0.0
2026-01-28,183.8999938964844,0.0
2026-01-29,182.0,0.0
2026-01-30,176.5500030517578,0.0
2026-02-02,169.5,0.0
2026-02-03,176.35000610351562,0.0
2026-02-04,178.25,0.0
2026-02-05,172.0,0.0
2026-02-06,170.3000030517578,0.0
2026-02-09,180.0500030517578,0.0
2026-02-10,186.1000061035156,0.0
2026-02-11,192.3000030517578,0.0
2026-02-23,192.6999969482422,0.0
2026-02-24,203.5,0.0
2026-02-25,211.1499938964844,0.0
2026-02-26,212.8000030517578,0.0
2026-03-02,208.3999938964844,0.0
2026-03-03,198.8500061035156,0.0
2026-03-04,180.8500061035156,0.0
2026-03-05,189.5500030517578,0.0
2026-03-06,189.6000061035156,0.0
2026-03-09,171.0,0.0
2026-03-10,178.4499969482422,0.0
2026-03-11,192.9499969482422,0.0
2026-03-12,186.3999938964844,0.0
2026-03-13,184.6499938964844,0.0
2026-03-16,184.0,0.0
2026-03-17,190.1000061035156,0.0
2026-03-18,196.1999969482422,0.0
2026-03-19,186.8999938964844,0.0
2026-03-20,186.0,0.0
2026-03-23,175.3000030517578,0.0
2026-03-24,175.35000610351562,0.0
2026-03-25,185.6000061035156,0.0
2026-03-26,183.5500030517578,0.0
2026-03-27,181.0500030517578,0.0
2026-03-30,174.4499969482422,0.0
2026-03-31,167.64999389648438,0.0
2026-04-01,182.5,0.0
2026-04-02,173.75,0.0
2026-04-07,180.0,0.0
2026-04-08,199.3999938964844,0.0
2026-04-09,198.75,0.0
2026-04-10,205.8999938964844,0.0
2026-04-13,205.3999938964844,0.0
2026-04-14,215.9499969482422,0.0
2026-04-15,220.3000030517578,0.0
2026-04-16,226.0,0.0
2026-04-17,221.6999969482422,0.0
2026-04-20,225.4499969482422,0.0
2026-04-21,233.3500061035156,0.0
2026-04-22,235.25,0.0
2026-04-23,230.75,0.0
2026-04-24,247.0,0.0
2026-04-27,257.1499938964844,0.0
2026-04-28,254.3999938964844,0.0
2026-04-29,250.5500030517578,0.0
2026-04-30,248.1999969482422,0.0
2026-05-04,270.0,0.0
2026-05-05,270.0,0.0
2026-05-06,276.1499938964844,0.0
2026-05-07,287.29998779296875,0.0
2026-05-08,282.1000061035156,0.0
2026-05-11,283.6499938964844,0.0
2026-05-12,281.8999938964844,0.0
2026-05-13,276.20001220703125,0.0
2026-05-14,278.3999938964844,0.0
2026-05-15,271.04998779296875,0.0
2026-05-18,267.45001220703125,0.0
2026-05-19,259.70001220703125,0.0
2026-05-20,255.6999969482422,0.0
2026-05-21,274.3500061035156,0.0
2026-05-22,285.8500061035156,0.0
2026-05-25,304.29998779296875,0.0
2026-05-26,304.3999938964844,0.0
2026-05-27,316.95001220703125,0.0
2026-05-28,303.8999938964844,0.0
2026-05-29,325.25,0.0
2026-06-01,333.6499938964844,0.0
2026-06-02,335.6499938964844,0.0
2026-06-03,346.6499938964844,0.0
2026-06-04,338.6000061035156,0.0
2026-06-05,322.75,0.0
2026-06-08,295.45001220703125,0.0
2026-06-09,312.54998779296875,0.0
2026-06-10,295.5,0.0
2026-06-11,292.6000061035156,0.0
2026-06-12,307.54998779296875,0.0
2026-06-15,325.8500061035156,0.0
2026-06-16,329.0,0.0
2026-06-17,330.0,0.0
2026-06-18,338.45001220703125,0.0
2026-06-22,364.0,0.0
2026-06-23,351.79998779296875,0.0
2026-06-24,335.04998779296875,0.0
2026-06-25,337.20001220703125,0.0
2026-06-26,309.0,0.0
2026-06-29,318.6000061035156,0.0
2026-06-30,338.3999938964844,0.0
2026-07-01,345.79998779296875,0.0
2026-07-02,340.79998779296875,0.0
2026-07-03,342.70001220703125,0.0
2026-07-06,339.79998779296875,0.0
2026-07-07,323.54998779296875,0.0
2026-07-08,322.5,0.0
2026-07-09,321.0,0.0
2026-07-10,321.0,0.0
2026-07-13,319.5,0.0
2026-07-14,311.1499938964844,0.0
2026-07-15,322.25,0.0
2026-07-16,323.04998779296875,0.0
2026-07-17,278.75,0.0
2026-07-20,275.04998779296875,0.0
2026-07-21,296.54998779296875,0.0
2026-07-22,301.75,0.0
2026-07-23,304.0,0.0
2026-07-24,289.6000061035156,0.0
2026-07-27,290.04998779296875,0.0
2026-07-28,262.70001220703125,0.0
2026-07-29,244.75,0.0
2026-07-30,242.25,0.0
2026-07-31,286.6000061035156,0.0
2026-08-03,280.1000061035156,0.0
2026-08-04,278.1000061035156,0.0
2026-08-05,295.1000061035156,0.0
2026-08-06,293.0,0.0
2026-08-07,292.0,0.0
2026-08-10,301.79998779296875,0.0
2026-08-11,302.8500061035156,0.0
2026-08-12,308.3500061035156,0.0
2026-08-13,316.0,0.0
2026-08-14,311.8999938964844,0.0
2026-08-17,313.8999938964844,0.0
2026-08-18,303.3999938964844,0.0
2026-08-19,295.1000061035156,0.0
2026-08-20,298.5,0.0
